-- phpMyAdmin SQL Dump
-- version 4.9.2
-- https://www.phpmyadmin.net/
--
-- Host: localhost
-- Generation Time: Mar 09, 2020 at 03:46 PM
-- Server version: 5.7.28-0ubuntu0.16.04.2
-- PHP Version: 7.2.24-1+ubuntu16.04.1+deb.sury.org+1

SET SQL_MODE = "NO_AUTO_VALUE_ON_ZERO";
SET AUTOCOMMIT = 0;
START TRANSACTION;
SET time_zone = "+00:00";


/*!40101 SET @OLD_CHARACTER_SET_CLIENT=@@CHARACTER_SET_CLIENT */;
/*!40101 SET @OLD_CHARACTER_SET_RESULTS=@@CHARACTER_SET_RESULTS */;
/*!40101 SET @OLD_COLLATION_CONNECTION=@@COLLATION_CONNECTION */;
/*!40101 SET NAMES utf8mb4 */;

--
-- Database: `rapid_med_delivery`
--

-- --------------------------------------------------------

--
-- Table structure for table `failed_jobs`
--

CREATE TABLE `failed_jobs` (
  `id` bigint(20) UNSIGNED NOT NULL,
  `connection` text COLLATE utf8mb4_unicode_ci NOT NULL,
  `queue` text COLLATE utf8mb4_unicode_ci NOT NULL,
  `payload` longtext COLLATE utf8mb4_unicode_ci NOT NULL,
  `exception` longtext COLLATE utf8mb4_unicode_ci NOT NULL,
  `failed_at` timestamp NOT NULL DEFAULT CURRENT_TIMESTAMP
) ENGINE=InnoDB DEFAULT CHARSET=utf8mb4 COLLATE=utf8mb4_unicode_ci;

-- --------------------------------------------------------

--
-- Table structure for table `migrations`
--

CREATE TABLE `migrations` (
  `id` int(10) UNSIGNED NOT NULL,
  `migration` varchar(255) COLLATE utf8mb4_unicode_ci NOT NULL,
  `batch` int(11) NOT NULL
) ENGINE=InnoDB DEFAULT CHARSET=utf8mb4 COLLATE=utf8mb4_unicode_ci;

--
-- Dumping data for table `migrations`
--

INSERT INTO `migrations` (`id`, `migration`, `batch`) VALUES
(1, '2014_10_12_000000_create_users_table', 1),
(2, '2014_10_12_100000_create_password_resets_table', 1),
(3, '2016_06_01_000001_create_oauth_auth_codes_table', 1),
(4, '2016_06_01_000002_create_oauth_access_tokens_table', 1),
(5, '2016_06_01_000003_create_oauth_refresh_tokens_table', 1),
(6, '2016_06_01_000004_create_oauth_clients_table', 1),
(7, '2016_06_01_000005_create_oauth_personal_access_clients_table', 1),
(8, '2019_08_19_000000_create_failed_jobs_table', 1),
(12, '2019_11_08_154831_create_category', 2),
(14, '2019_10_25_140103_create_roles_table', 4),
(16, '2019_11_14_082747_create_seo_table', 5),
(18, '2019_11_15_033544_create_attribute_group_table', 6),
(19, '2019_11_15_043237_create_attribute_table', 7),
(21, '2019_11_15_152528_create_manufacturer_table', 9),
(22, '2019_11_17_064308_create_product_table', 10),
(24, '2019_11_17_070120_create_category_product_table', 12),
(25, '2019_11_17_070231_create_attribute_product_table', 13),
(26, '2019_11_15_130146_create_image_table', 14),
(27, '2019_11_24_110309_create_option_table', 15),
(28, '2019_11_24_110631_create_option_widget_table', 16),
(29, '2019_11_24_110118_create_option_group_table', 17),
(30, '2019_11_24_142206_option_widget_changes_one', 18),
(33, '2019_11_27_051650_create_product_option_table', 20),
(34, '2019_11_26_171013_create_product_option_widget_table', 21);

-- --------------------------------------------------------

--
-- Table structure for table `oauth_access_tokens`
--

CREATE TABLE `oauth_access_tokens` (
  `id` varchar(100) COLLATE utf8mb4_unicode_ci NOT NULL,
  `user_id` bigint(20) DEFAULT NULL,
  `client_id` int(10) UNSIGNED NOT NULL,
  `name` varchar(255) COLLATE utf8mb4_unicode_ci DEFAULT NULL,
  `scopes` text COLLATE utf8mb4_unicode_ci,
  `revoked` tinyint(1) NOT NULL,
  `created_at` timestamp NULL DEFAULT NULL,
  `updated_at` timestamp NULL DEFAULT NULL,
  `expires_at` datetime DEFAULT NULL
) ENGINE=InnoDB DEFAULT CHARSET=utf8mb4 COLLATE=utf8mb4_unicode_ci;

--
-- Dumping data for table `oauth_access_tokens`
--

INSERT INTO `oauth_access_tokens` (`id`, `user_id`, `client_id`, `name`, `scopes`, `revoked`, `created_at`, `updated_at`, `expires_at`) VALUES
('01c5bbeac13779ec1458518c4d95e123721508c5e0abd923edc9935d4838c118926e9d74b3798255', 1, 2, NULL, '[]', 0, '2019-11-14 21:41:27', '2019-11-14 21:41:27', '2020-11-15 03:11:27'),
('03e18fd58e23d8bb94579de62ff212ebe53d33de24f7a10e9d21eca36edc11046466b3df15d826b9', 1, 2, NULL, '[]', 0, '2020-01-24 04:29:53', '2020-01-24 04:29:53', '2021-01-24 09:59:53'),
('05218d76a525bd38511614b2f9c3743a4996992c82e1b5611f1e232ed7b7013e8186f603f93776fc', 1, 2, NULL, '[]', 0, '2020-01-24 04:12:46', '2020-01-24 04:12:46', '2021-01-24 09:42:46'),
('069be1dc36953deb73f7934d0907a4906f28283340df5773d7753779e356874a1eaf1f946a075d2e', 1, 2, NULL, '[]', 0, '2020-02-18 06:09:25', '2020-02-18 06:09:25', '2021-02-18 11:39:25'),
('0acf94609ac73f7a96c0ecf21a105e3f74631c82a3f19601c717d50b7a2c90cfd2cbb378125d08fe', 1, 2, NULL, '[]', 0, '2019-12-01 07:04:31', '2019-12-01 07:04:31', '2020-12-01 12:34:31'),
('0dfeb330f6a34eed5053e6d16bd482de252e4cc00bb4199f217215f4af9c338f7d60c34067f50d33', 1, 2, NULL, '[]', 0, '2019-10-28 06:21:56', '2019-10-28 06:21:56', '2020-10-28 11:51:56'),
('0f35656dc0aabc57b568c3e2f5dbe44f3ee48b991a1496e82ffefa8d6bb857a87181192ed6d0067f', 1, 2, NULL, '[]', 0, '2019-11-11 03:27:48', '2019-11-11 03:27:48', '2020-11-11 08:57:48'),
('120186df19c2cb3edf03efff9bd722de16cb73dbcc57e9b4a495cdfa167e72de71db39ead5886611', 2, 2, NULL, '[]', 0, '2020-02-21 06:53:48', '2020-02-21 06:53:48', '2021-02-21 12:23:48'),
('1234d38b25af894005c874c2e3489b48b9fabd52b73e9b834e87e8d79ad20badf0fc5a5d902351c1', 6, 2, NULL, '[]', 0, '2020-03-09 04:34:25', '2020-03-09 04:34:25', '2021-03-09 10:04:25'),
('14467e62ea274addbba1956238b8ece2772d7211d798d79542abe9e727503b621cecee6a47967e1c', 1, 2, NULL, '[]', 0, '2019-11-12 04:32:20', '2019-11-12 04:32:20', '2020-11-12 10:02:20'),
('152e3be745b65d99aea6860ac3294956984f7be8fc9c5293b4c12b14532c931962bbce2b9848447e', 1, 2, NULL, '[]', 0, '2020-01-24 04:29:48', '2020-01-24 04:29:48', '2021-01-24 09:59:48'),
('15cb83e82601e212d460fba80bda717fcc9f752e8b8b2ecf230700271e922fc2d2eb9df73b6a4cb3', 1, 2, NULL, '[]', 0, '2019-11-01 06:58:35', '2019-11-01 06:58:35', '2020-11-01 12:28:35'),
('18069d3185970a5586f9db6eb7aace20af252c80aff48940e3e2b445a77a1e049893d77ad72a2740', 1, 2, NULL, '[]', 0, '2019-11-25 07:45:09', '2019-11-25 07:45:09', '2020-11-25 13:15:09'),
('1938100db7768bbf8d10b2386155a2b96590fe2934d711955ae78d23b77395c5964ff4694c9572cf', 1, 2, NULL, '[]', 0, '2020-01-24 04:13:11', '2020-01-24 04:13:11', '2021-01-24 09:43:11'),
('1b3c645c6b3fe7051d72962ec43b1a228a1a054a56f45e8165cc6c65f4524765da6dccf350017a67', 5, 2, NULL, '[]', 0, '2020-03-06 02:14:54', '2020-03-06 02:14:54', '2021-03-06 07:44:54'),
('1d38288c592f44b20456afd6fd5cb39d84678df3cb32105ea84d0305a8e684429ef283e01fdf80cd', 6, 2, NULL, '[]', 0, '2020-02-29 06:11:33', '2020-02-29 06:11:33', '2021-03-01 11:41:33'),
('1d38acb834afce051aee25a59abc2d610dd4b169f1336a5c7acb1410c8e5f6111bda2fce46636bfa', 1, 2, NULL, '[]', 0, '2019-11-13 00:30:43', '2019-11-13 00:30:43', '2020-11-13 06:00:43'),
('1f448f81841cb72084dd29ccaf856a99ad00e8de8b43bdc5ccd93a4294a9bf341baa74982a36964e', 1, 2, NULL, '[]', 0, '2019-11-26 03:29:14', '2019-11-26 03:29:14', '2020-11-26 08:59:14'),
('1fc29958e56865334a84d774b53709d367214a29e14070608432aa8c54eecead82f5441f7f4f2ff8', 1, 2, NULL, '[]', 0, '2019-11-09 02:40:11', '2019-11-09 02:40:11', '2020-11-09 08:10:11'),
('21b86dd3f707164906f25fa04ee702a3f216c22e971406e6339f203bd8759094340008ff509966ab', 2, 2, NULL, '[]', 0, '2020-03-08 11:26:53', '2020-03-08 11:26:53', '2021-03-08 16:56:53'),
('23bd460cdb5e4795170985485864861ba49018dda4f3b82925a0da63bbb63c35075cadfab1633189', 6, 2, NULL, '[]', 0, '2020-03-06 07:37:13', '2020-03-06 07:37:13', '2021-03-06 13:07:13'),
('2403af7a0d14de33e42834e4c1de772210cd67b794daf68a057707e31bb1f6fed1a7f4986edeaccd', 5, 2, NULL, '[]', 0, '2020-02-24 05:14:57', '2020-02-24 05:14:57', '2021-02-24 10:44:57'),
('244b8b6cbde478a622ae0fd0c53f84ce107e49fac740b3fe9bfd85b8b1399521a21a30e72b864fe0', 1, 2, NULL, '[]', 0, '2020-01-27 23:20:07', '2020-01-27 23:20:07', '2021-01-28 04:50:07'),
('265372bd1ffc11afa9ebdcb35d84364bb99dcc4af1eca8caea17544589b76448c64ed1a3f2beca6c', 5, 2, NULL, '[]', 0, '2020-03-06 07:33:26', '2020-03-06 07:33:26', '2021-03-06 13:03:26'),
('26b51b18db038f4a0182acb9c5e25f0703e5b8d235261c91a19d71b53b2bd5b5c2583b0498d2ee97', 1, 2, NULL, '[]', 0, '2019-10-30 09:38:41', '2019-10-30 09:38:41', '2020-10-30 15:08:41'),
('270377756b4d12a7ab3c8486603deb36f80ca3899df5558553b0df50a07418f3c342e4083124f424', 5, 2, NULL, '[]', 0, '2020-02-25 02:07:20', '2020-02-25 02:07:20', '2021-02-25 07:37:20'),
('272df645003d0cbe76211721b0b1bee94c5deaf9670d34b300a9876101e7eea8bcb953d4cdc9a3d3', 1, 2, NULL, '[]', 0, '2019-10-30 10:13:01', '2019-10-30 10:13:01', '2020-10-30 15:43:01'),
('27a06fa1d5f58a22a1b74c9de3ce55c35a739ea5f53e8e6224e0d35a29f9e8cebb54f56392ed6f9c', 1, 2, NULL, '[]', 0, '2019-10-30 09:39:14', '2019-10-30 09:39:14', '2020-10-30 15:09:14'),
('27c1baedc4d57ee292c5bde86f3471a4e37b8ef0724b4208280b9a1ec72038386436546d9672724c', 1, 2, NULL, '[]', 0, '2019-11-24 06:36:28', '2019-11-24 06:36:28', '2020-11-24 12:06:28'),
('295bdb3c6a4c2c9449226c07d584b8545051a9ce272e3f457c7e7f3c002bb7d3eb7d734f752ef2d0', 1, 2, NULL, '[]', 0, '2019-10-30 09:46:33', '2019-10-30 09:46:33', '2020-10-30 15:16:33'),
('298508a36470d61e7d02c56becebdbc3dfad63a03fd98fb39859484b3e34762e3a78a1a505310b2c', 1, 2, NULL, '[]', 0, '2020-01-24 04:09:40', '2020-01-24 04:09:40', '2021-01-24 09:39:40'),
('29cf69ddd4e1c638f05761e397e701d394a4a33d77dd42ccc83a29250f331e7d858b3d4352ab0307', 1, 2, NULL, '[]', 0, '2019-11-09 01:44:11', '2019-11-09 01:44:11', '2020-11-09 07:14:11'),
('2a0e4c1efcfcf9e940ad70fd5162b2f9a8ada460c40dd883431feb0bfd34a45f6d849356f355ab02', 1, 2, NULL, '[]', 0, '2019-11-22 06:31:02', '2019-11-22 06:31:02', '2020-11-22 12:01:02'),
('2b68425fc1d3c6684e61288b26da6d541b2afff6b81868117d6e7972f5698efe84be29acc5c01aa7', 1, 2, NULL, '[]', 0, '2019-11-23 23:11:55', '2019-11-23 23:11:55', '2020-11-24 04:41:55'),
('2c69fa1329e5e8af150b466315adc9556d855a3c6e8657940a489683bb798d83bf5177106db6244c', 1, 2, NULL, '[]', 0, '2019-10-30 09:56:30', '2019-10-30 09:56:30', '2020-10-30 15:26:30'),
('2e58e370318d3fbfb87c1dd514f07d9738bd1caef6e72b321f6edc5b9861f1736aea2c2551a9ec26', 1, 2, NULL, '[]', 0, '2019-11-14 20:22:29', '2019-11-14 20:22:29', '2020-11-15 01:52:29'),
('2ede0b54ab3d17e48de0cc5b1af7a4576b8de5563b9fc33c0843079dbbfc7a67117a8ad5331c8d6a', 2, 2, NULL, '[]', 0, '2020-02-24 05:16:28', '2020-02-24 05:16:28', '2021-02-24 10:46:28'),
('2fed034e612c2125d098e291e91385df03555ecdb24522aaa0ac8d85295a9bb5f0013a5846cd868a', 1, 2, NULL, '[]', 0, '2019-11-13 10:08:20', '2019-11-13 10:08:20', '2020-11-13 15:38:20'),
('34273e35c747fd3ba2ee44007708f1fabca6d3fbce3ce541ddbd030feea357b3555c159cadd4dad8', 1, 2, NULL, '[]', 0, '2019-11-16 22:05:02', '2019-11-16 22:05:02', '2020-11-17 03:35:02'),
('343f457bfa26a751e98e510d62cdae0395a95935fbae3d304cc168ace6f4ac32f84fe3edc0416e0b', 6, 2, NULL, '[]', 0, '2020-02-27 02:26:21', '2020-02-27 02:26:21', '2021-02-27 07:56:21'),
('3565fbd5487a38c4a4a54f8535cf26c218e8e524da8b798382f8d69298510caee236d51029cf8cc0', 1, 2, NULL, '[]', 0, '2020-02-17 15:46:55', '2020-02-17 15:46:55', '2021-02-17 21:16:55'),
('3966bf9a49c5bc886a8333af277d043c8dbf827a5fe208fe2598fed26c2daa6cbf465c4fe4db3518', 1, 2, NULL, '[]', 0, '2019-11-17 08:39:55', '2019-11-17 08:39:55', '2020-11-17 14:09:55'),
('3af6c738ec875b1fe6ad91771fadb1cdcd3ff66925803373e6e09e1ccefd85317d709a1f648450d9', 1, 2, NULL, '[]', 0, '2019-11-15 23:46:03', '2019-11-15 23:46:03', '2020-11-16 05:16:03'),
('3b2bfbe9c5eba9d26ea01b5eaa8fac4fe98cb4f9ff7de56dfc5f3ed81b71c938ea65b14baf18a151', 1, 2, NULL, '[]', 0, '2019-10-30 09:57:00', '2019-10-30 09:57:00', '2020-10-30 15:27:00'),
('3b40dfbcf37de17b6b94e85918d77e64204d65c5d25bf065bd1cacc742d5effeb35b294950509624', 2, 2, NULL, '[]', 0, '2020-02-17 15:46:04', '2020-02-17 15:46:04', '2021-02-17 21:16:04'),
('3e7084c0a0ee19a1d2105faed56b2e4b5ac097330906bb655ba5ae881196f8c60083258ca5882bee', 1, 2, NULL, '[]', 0, '2020-02-17 15:47:03', '2020-02-17 15:47:03', '2021-02-17 21:17:03'),
('401f6b5d08bc4e8e244629c972b687874a9e5e0bc601b2caf1dc32d2bf423dbaf4d6369ad7a76aca', 2, 2, NULL, '[]', 0, '2020-02-05 07:20:49', '2020-02-05 07:20:49', '2021-02-05 12:50:49'),
('409d615eeac6255b33e1ff4e30eaf29542f71015a7735b8f31284cc14e62f652f0ccb6bf5953fe02', 1, 2, NULL, '[]', 0, '2019-11-13 20:36:25', '2019-11-13 20:36:25', '2020-11-14 02:06:25'),
('423c2c26b314a10c4c8f14be25d6dad420bad23a427aa817839dc643b4b446a9018e7ddeb86743bc', 1, 2, NULL, '[]', 0, '2020-02-07 07:20:56', '2020-02-07 07:20:56', '2021-02-07 12:50:56'),
('42ca5831fd7f928f89d29580f00e4bbb74d6bdef9c8c108cc404fc4a2bf7e45a41b4470f84e189c6', 1, 2, NULL, '[]', 0, '2020-01-24 04:07:08', '2020-01-24 04:07:08', '2021-01-24 09:37:08'),
('453fc2aeee991fcfc4bfea07be7733f839d429cd4631519e5bdf4aaee8829bae2954efa37b32cb84', 1, 2, NULL, '[]', 0, '2020-02-21 06:47:57', '2020-02-21 06:47:57', '2021-02-21 12:17:57'),
('4562cb612e1ca4cf30751b55a564e9f900fc94936aadc8262240b239b6c2c2851a4f12bf0de397c8', 2, 2, NULL, '[]', 0, '2020-02-25 02:02:43', '2020-02-25 02:02:43', '2021-02-25 07:32:43'),
('45b41afe04b16ceae48622c9864b106098519767ab2ffe16aa726d7340db096997cdcb440cbb3f12', 1, 2, NULL, '[]', 0, '2019-11-23 23:11:55', '2019-11-23 23:11:55', '2020-11-24 04:41:55'),
('472cf29102334ae3463634937a2fcac86c72882d258402149932b78f2a87b0b24cd843fc75703f96', 1, 2, NULL, '[]', 0, '2020-01-24 04:29:44', '2020-01-24 04:29:44', '2021-01-24 09:59:44'),
('47b5675c6dad7c59bc882861b0b92dc3502f696671c9196b4f31c2f796e7d17d4d7c7ba04b6eb0ac', 2, 2, NULL, '[]', 0, '2020-03-06 02:32:48', '2020-03-06 02:32:48', '2021-03-06 08:02:48'),
('49eaeffa5d4ad24fc1a3c2cda3c9957b3f14034c54f360dd8edbf2e06cee1abf96241849309dfa46', 1, 2, NULL, '[]', 0, '2020-03-06 07:38:51', '2020-03-06 07:38:51', '2021-03-06 13:08:51'),
('4ac2131a2db6817de5caa4b4a7039fcdc699275aa2069b9ec037677f40300fcd7b8f8f2186d3926d', 1, 2, NULL, '[]', 0, '2019-11-17 00:12:42', '2019-11-17 00:12:42', '2020-11-17 05:42:42'),
('4b27b4bfcddf7e3d5ef5490be1cfe631fc90d4b99d4b546a4b36adca8893ee557d0bd56289eff343', 1, 2, NULL, '[]', 0, '2019-11-15 18:37:32', '2019-11-15 18:37:32', '2020-11-16 00:07:32'),
('4b2e4a2b3a56fd23d0c6425d9aed9b81da404ea243f2879d95eb7b5bb859fd994dcc3aea926b7502', 1, 2, NULL, '[]', 0, '2019-11-21 06:23:13', '2019-11-21 06:23:13', '2020-11-21 11:53:13'),
('4b8af62e54415692b32d593b2e00fb2505ecbf9f0899097dad7cdd1aeb65f02008e3271a9e1de219', 1, 2, NULL, '[]', 0, '2019-11-17 08:01:27', '2019-11-17 08:01:27', '2020-11-17 13:31:27'),
('4ca83a4f6088dbf2fe02be753f33cd6d3adf731b6238befeeaac5da214b2577eb0a82f3eab5738a4', 5, 2, NULL, '[]', 0, '2020-02-14 02:51:55', '2020-02-14 02:51:55', '2021-02-14 08:21:55'),
('4cf301cdb994a29947bb3017978ea640ce8605c866c2c0e260bbf432d726f7a2abba0ea9b1e4b41f', 6, 2, NULL, '[]', 0, '2020-02-25 05:14:37', '2020-02-25 05:14:37', '2021-02-25 10:44:37'),
('4d8f616248cbb56069d543c347ff3668678cf659819232b479dae888dc55b7683f182cea127b9da7', 2, 2, NULL, '[]', 0, '2020-02-24 05:32:37', '2020-02-24 05:32:37', '2021-02-24 11:02:37'),
('4ed8ff010cfdac4dcf942177b2fcc967c6fed6eb55ca784c233cb56689b8fa96aab74db3e70aca93', 1, 2, NULL, '[]', 0, '2019-11-17 09:37:39', '2019-11-17 09:37:39', '2020-11-17 15:07:39'),
('4f11a339ca51c310210be99a0b397d43c910a8046703e09e6fe5bc37f9dbb0ec2042db98cbb0e479', 1, 2, NULL, '[]', 0, '2019-11-18 07:02:01', '2019-11-18 07:02:01', '2020-11-18 12:32:01'),
('507500b526e062b5dd262d162e82887630cc291667d181aa8765a4a71beacdab210849e317b3133d', 1, 2, NULL, '[]', 0, '2019-11-23 23:11:55', '2019-11-23 23:11:55', '2020-11-24 04:41:55'),
('5080e739dc460d5e9d07c542f1f177229787c4c025915f070ac31ed4f2149db2ceb21bc75cc899ab', 1, 2, NULL, '[]', 0, '2019-10-30 09:54:17', '2019-10-30 09:54:17', '2020-10-30 15:24:17'),
('51817e35ff3f1376e55180171e8e6fbc107d1168fb8bebe47d8bc5d18301ce185dff8c13ccac816f', 1, 2, NULL, '[]', 0, '2020-03-06 07:44:51', '2020-03-06 07:44:51', '2021-03-06 13:14:51'),
('5451af5d2c318d85c874fc969e450cc8415f9ec91bede57402ac37eae0ed39723fa68e597263765c', 5, 2, NULL, '[]', 0, '2020-02-13 03:46:57', '2020-02-13 03:46:57', '2021-02-13 09:16:57'),
('55985f62efe3c28963b4148a7b7c74b6069d990aacfbe47e5b1f5641c2e3ac6942191e7675639945', 1, 2, NULL, '[]', 0, '2020-01-24 04:07:46', '2020-01-24 04:07:46', '2021-01-24 09:37:46'),
('5725067fed8ccd7521900eec11c130902e99eb72c482641a42a2929cb945f383003b1daa9a2e7cc9', 1, 2, NULL, '[]', 0, '2019-10-30 09:44:47', '2019-10-30 09:44:47', '2020-10-30 15:14:47'),
('5773af20982521311f38b8951697e7ba26f9a63f0f1bf4da9d47f84c7bea4771860a46550d279640', 1, 2, NULL, '[]', 0, '2019-10-30 09:45:24', '2019-10-30 09:45:24', '2020-10-30 15:15:24'),
('58e26a1f666e9d96fca89aeff7666de348035642e4652436d0ca50f4307c4d6a8ba0b24ae9153f87', 2, 2, NULL, '[]', 0, '2020-02-17 15:45:56', '2020-02-17 15:45:56', '2021-02-17 21:15:56'),
('5a2f7d78b8cf1d2a6aaa22eeaab9e2187f26843afbb81748c8103ac652cc3875669823613813c4df', 1, 2, NULL, '[]', 0, '2019-11-14 01:20:52', '2019-11-14 01:20:52', '2020-11-14 06:50:52'),
('5ab0fcef7f30928f4cc34bed7ce9bacc2b0cb0b284cdd1e686646bc73634cb2d962fdc5b3c688040', 1, 2, NULL, '[]', 0, '2019-10-30 09:58:13', '2019-10-30 09:58:13', '2020-10-30 15:28:13'),
('5b2e888b333d4695d143761c373aa2d266779a59f7ee5509d49edfffdf316e1bf2757b9aaf48de64', 1, 2, NULL, '[]', 0, '2020-01-24 04:29:14', '2020-01-24 04:29:14', '2021-01-24 09:59:14'),
('5b76a38291d3b0de7cf749ce100d41f3cfd6663da922af5199ef0a7b240ea5210f8242f31eb1079c', 1, 2, NULL, '[]', 0, '2019-11-15 03:42:56', '2019-11-15 03:42:56', '2020-11-15 09:12:56'),
('5d16f3a16c15ca43c7c5296f1ef6808ff8b00294c9f9c07eb6899209f116df85eae866fe10a025e1', 2, 2, NULL, '[]', 0, '2020-03-06 07:30:55', '2020-03-06 07:30:55', '2021-03-06 13:00:55'),
('5d2943670fb85325d05fc7fb7c9d06a79b85a69a53549757f375953c4fb0effe70c81915d7e4897a', 1, 2, NULL, '[]', 0, '2019-11-23 23:11:57', '2019-11-23 23:11:57', '2020-11-24 04:41:57'),
('60350e9fe27f9522af80f4e6acffa7896085a981c8862edd653377b4ee1e0d4f4f950a75c633dcf7', 1, 2, NULL, '[]', 0, '2020-01-28 00:38:47', '2020-01-28 00:38:47', '2021-01-28 06:08:47'),
('60ba765e55be410ad05a0957df72ece7a5a7842b6ed8c808204620b687d8a8ca8c95754047143acd', 1, 2, NULL, '[]', 0, '2020-03-06 07:24:46', '2020-03-06 07:24:46', '2021-03-06 12:54:46'),
('611541fbd1ad8d1781f8e082dc1d0351940254537def5b6144096de905d4f2b669179405ae29874c', 2, 2, NULL, '[]', 0, '2020-02-01 08:57:29', '2020-02-01 08:57:29', '2021-02-01 14:27:29'),
('6486fadf3ad427ca75ecdfb94e4239ad345c3c2750410ca586a8db5be5592b00b515ff898584cb37', 1, 2, NULL, '[]', 0, '2019-11-26 23:36:14', '2019-11-26 23:36:14', '2020-11-27 05:06:14'),
('64c3248c3821a0f81cd29b5860442257da78776bb8dfc4fb4d2ea66fb7710bf535d6848fd35c6489', 2, 2, NULL, '[]', 0, '2020-02-06 06:02:22', '2020-02-06 06:02:22', '2021-02-06 11:32:22'),
('64e28024169a69c03db917c9c6bb05d210200ae6bd0a69fcbdecb7f822a3aa4fd7c6abbd99724ef8', 1, 2, NULL, '[]', 0, '2020-01-24 04:29:05', '2020-01-24 04:29:05', '2021-01-24 09:59:05'),
('652ed804e71c37859f6e4f0d9aae8cec3cf4cc49f7cf49be94695c21b708882cba51af920f533c54', 1, 2, NULL, '[]', 0, '2019-10-30 09:55:49', '2019-10-30 09:55:49', '2020-10-30 15:25:49'),
('65428b90b35c63faaeec87139fa918e4f1ea4a9a2de61ba098ca21db42ae6d861be2bb3899de485a', 1, 2, NULL, '[]', 0, '2019-11-23 23:11:55', '2019-11-23 23:11:55', '2020-11-24 04:41:55'),
('6684cb209a0bd89f187d19ec794b66b1969565294ddfa77f1fb750d68b27957269a2703237120d07', 1, 2, NULL, '[]', 0, '2020-01-24 04:30:13', '2020-01-24 04:30:13', '2021-01-24 10:00:13'),
('66eb961781be9631597a941a23a9dfba9184c38c0a2cf168f07b9a500f8d691fc5002ada49385a6d', 1, 2, NULL, '[]', 0, '2020-01-24 04:02:43', '2020-01-24 04:02:43', '2021-01-24 09:32:43'),
('682147debec91413b7acf3db87c63797bacc152c952a4dab7041d15449d76f620fa75b92346a3366', 1, 2, NULL, '[]', 0, '2019-10-30 09:56:36', '2019-10-30 09:56:36', '2020-10-30 15:26:36'),
('68c6d3f9d315bbba73b6cdef9373c5c8fbc3799388c7fa1f05dfbfce31604ce76a904c920df35d52', 1, 2, NULL, '[]', 0, '2019-11-24 06:57:59', '2019-11-24 06:57:59', '2020-11-24 12:27:59'),
('69beb8fed46b710320ce34ae5c8b3fb14291a9cafd43aa90f3736bfd10ec248b2ca35a239b14fb84', 1, 2, NULL, '[]', 0, '2019-10-30 07:16:49', '2019-10-30 07:16:49', '2020-10-30 12:46:49'),
('69e4839350767d3b4f9c5fcab4b6ee9ed95088c87aaab97cb41e1322954af749ed27ce7689397d66', 1, 1, NULL, '[]', 0, '2019-10-26 22:07:29', '2019-10-26 22:07:29', '2020-10-27 03:37:29'),
('69fce272fa9602cdfe28ee9d207112c5bda4096102ce5679f0c24ed3b0006e67aa8640c0e29613fe', 1, 2, NULL, '[]', 0, '2019-11-22 08:58:48', '2019-11-22 08:58:48', '2020-11-22 14:28:48'),
('69ff9441c16dd0c5b5d619f34a4e2f4a75eb726881d67686acc4d795a7ca71d5285528810595104f', 1, 2, NULL, '[]', 0, '2019-10-30 09:56:11', '2019-10-30 09:56:11', '2020-10-30 15:26:11'),
('6bd4f59beaf86ecee68770f11a0b93fde899d97c0b2dc3faa9edeb331ba96b4d956c2809f40c7ac1', 1, 2, NULL, '[]', 0, '2019-10-30 10:15:36', '2019-10-30 10:15:36', '2020-10-30 15:45:36'),
('6be601672a7308d31b38e6086b146c7267d43c748c2d4b77c8bf74763b8bd7ffc2058c88d638b769', 1, 2, NULL, '[]', 0, '2020-02-15 09:17:47', '2020-02-15 09:17:47', '2021-02-15 14:47:47'),
('6d722226eeaad520e880b5fe95a9e62d76a7ff9ce58dbb15de4f3018c8e855079234ebd1100c1b99', 1, 2, NULL, '[]', 0, '2019-11-08 09:43:54', '2019-11-08 09:43:54', '2020-11-08 15:13:54'),
('6de633e768538a17b44126d52300ef2833b567820d96696abf88a60963d458fa4980aea646814497', 1, 2, NULL, '[]', 0, '2019-10-30 09:43:08', '2019-10-30 09:43:08', '2020-10-30 15:13:08'),
('6f03aa147e83c4ccc8fdad55d250f59ed18fe4b03c8bd49704aa5dc20d04eadd6442b364a22f73de', 1, 2, NULL, '[]', 0, '2019-11-15 00:27:26', '2019-11-15 00:27:26', '2020-11-15 05:57:26'),
('708fc54d72fcb9c16ee8b8065403262100cf5f31b39f1f6090bee061ab155f5b5a44867c19d556fa', 1, 2, NULL, '[]', 0, '2020-01-24 04:36:44', '2020-01-24 04:36:44', '2021-01-24 10:06:44'),
('73943ddaef1e71e3b5c5d5b50b16be18c0f53a97aad0b9ea9c8c9009601bcfeb35321836ae74cf3a', 5, 2, NULL, '[]', 0, '2020-03-08 08:46:59', '2020-03-08 08:46:59', '2021-03-08 14:16:59'),
('73c509ea69f46e6f291b709189289e1f0f0a061b1c95fca4bc0d03439bb8b75695495078943a1c04', 5, 2, NULL, '[]', 0, '2020-02-13 03:46:45', '2020-02-13 03:46:45', '2021-02-13 09:16:45'),
('76053d587a911271b4c32dd995e622fb1b503f71c900c5cdb5d6b6db24b8a070d56d9c94b02bd45a', 1, 2, NULL, '[]', 0, '2020-01-24 04:08:30', '2020-01-24 04:08:30', '2021-01-24 09:38:30'),
('76b21f1a7ab755e2dda748e4008778bddc0de1ef064a59dbb8fa692c07c81220473e544045d6868e', 2, 2, NULL, '[]', 0, '2020-02-04 06:43:12', '2020-02-04 06:43:12', '2021-02-04 12:13:12'),
('775915870ccb75c853dd694f789f8621f95ef3b1a6bb8ffddf756ff2d214a7bc7865a64dd16a0935', 5, 2, NULL, '[]', 0, '2020-03-03 00:43:46', '2020-03-03 00:43:46', '2021-03-03 06:13:46'),
('778865badc8ec6673c894fa038227a28119d1a8e31fb108c4bb88a5ab2d3f047ae02a093696984c9', 1, 2, NULL, '[]', 0, '2019-10-30 09:48:46', '2019-10-30 09:48:46', '2020-10-30 15:18:46'),
('788f0b479e5a6de7ad2756b1895276a984f86c13eb6c279275a28276c256e421729b4284fc56b365', 5, 2, NULL, '[]', 0, '2020-02-29 06:09:02', '2020-02-29 06:09:02', '2021-03-01 11:39:02'),
('7901f4d64473e388fb75966f82cf2b4820c6dbf72a74f40ea6d1badac3b7167d35784ef3da9c8e26', 1, 2, NULL, '[]', 0, '2020-02-21 07:10:20', '2020-02-21 07:10:20', '2021-02-21 12:40:20'),
('79cf4ce97adfa1acfb27cc4da136be595a562d5cfc08a0b797bcf2fb7366c7b912ec53d3d26fb531', 2, 2, NULL, '[]', 0, '2020-02-07 07:14:36', '2020-02-07 07:14:36', '2021-02-07 12:44:36'),
('7ad347b993d9f0ecb6559714bb72671e6d67fda406e84562e3e3709928c8469562ea19c9340f5b19', 2, 2, NULL, '[]', 0, '2020-02-29 06:09:53', '2020-02-29 06:09:53', '2021-03-01 11:39:53'),
('7b8b8ba6cda23dda3fa013710f59774cc5d2961a81727e71f3f9dfc981edad0975633fb85b531928', 1, 2, NULL, '[]', 0, '2020-02-01 14:18:15', '2020-02-01 14:18:15', '2021-02-01 19:48:15'),
('7be3c278c5afb3602ac9f4efc15a3214199837d5e4f14d46fc3a2e1bd657c8633fea93f28a9e0fc9', 1, 2, NULL, '[]', 0, '2019-11-23 23:11:56', '2019-11-23 23:11:56', '2020-11-24 04:41:56'),
('7d807e9692826360d9398894a0631ade0f5d1072e17c1750c0ee6ba7cd984e96301b9e0088e8d884', 1, 2, NULL, '[]', 0, '2020-03-08 11:27:35', '2020-03-08 11:27:35', '2021-03-08 16:57:35'),
('810c6d3cb78eec0455035acfbfadd19f146b6653e762d5eecb53ead4b21f07f6de5415f46c79f8b3', 1, 2, NULL, '[]', 0, '2019-11-15 07:04:19', '2019-11-15 07:04:19', '2020-11-15 12:34:19'),
('83a231c5a0bb0b2a687a4578fdc408227ce65ae8a16d423c0ef007b3dde60a0ed95edb576cea1080', 5, 2, NULL, '[]', 0, '2020-02-29 06:10:53', '2020-02-29 06:10:53', '2021-03-01 11:40:53'),
('893c2b0abfab0cd97f9a1a47f84bdd85ecb66be69b92c4fbdaa23114cf2427176016beeda1957f74', 1, 2, NULL, '[]', 0, '2019-12-01 03:18:19', '2019-12-01 03:18:19', '2020-12-01 08:48:19'),
('89cc9c9e9bfb4b91af5bb737a08682c08052ebd7a5ed549294574868d3c2a8dacb8a7d8bdde8cee0', 1, 2, NULL, '[]', 0, '2020-03-01 06:47:17', '2020-03-01 06:47:17', '2021-03-01 12:17:17'),
('8d9f1de0df63d9225c861fa9ca60707c3f8dae96ec62efd21e9f89c4f2be73bf1d9bd8ae575b98b1', 5, 2, NULL, '[]', 0, '2020-02-13 03:45:13', '2020-02-13 03:45:13', '2021-02-13 09:15:13'),
('8e585e38544eb5ee07b65206b6249cddd39e45006f83d7417d1900e46677012515eebde35a28e4d3', 1, 2, NULL, '[]', 0, '2019-10-30 09:55:14', '2019-10-30 09:55:14', '2020-10-30 15:25:14'),
('8f3ac9651bef89f45e69c64f694321bcb6f41650c71f9949d74e53d8a6ea690f3049f0acee7caee6', 1, 2, NULL, '[]', 0, '2020-01-26 04:37:39', '2020-01-26 04:37:39', '2021-01-26 10:07:39'),
('914467335e2cd1bd64f74340250def305ddcc707767999bc50e47e963702618e22bd98668ad6b3b4', 5, 2, NULL, '[]', 0, '2020-03-03 03:30:52', '2020-03-03 03:30:52', '2021-03-03 09:00:52'),
('91bab310ba3493ff086fb3f9158623c03863eb2cab5ebc4e7ce21bb794eb06b81e12e91084c4fc6a', 1, 2, NULL, '[]', 0, '2019-10-28 06:22:24', '2019-10-28 06:22:24', '2020-10-28 11:52:24'),
('921b1f8203a0b83b70193d317f93df036acec0cc16ef214661f961474fd6a4bbcd8b45bc3524a30d', 1, 2, NULL, '[]', 0, '2019-11-26 09:31:28', '2019-11-26 09:31:28', '2020-11-26 15:01:28'),
('927311fe1c72f6e47ad43351a5cabaf3e5fda831574c158300fcc31a45b7f7fc0a6e67b8c0fbc1e4', 2, 2, NULL, '[]', 0, '2020-02-18 05:11:21', '2020-02-18 05:11:21', '2021-02-18 10:41:21'),
('92f3a39aa8bd22a8d9929a2e99c68594dfa02f483d66b1aa5e4495005d94cf86e7cd3d54cef46eea', 2, 2, NULL, '[]', 0, '2020-02-24 04:44:28', '2020-02-24 04:44:28', '2021-02-24 10:14:28'),
('9302a83c323d325cee2ce017abe4ecfb1fc915334f35aa8fbbde598ad8b22a39eaad84fcbaba885c', 1, 2, NULL, '[]', 0, '2020-01-24 04:08:16', '2020-01-24 04:08:16', '2021-01-24 09:38:16'),
('940886f4400b06c7b099171435ac1ddc7257fab3f9d08ac091543fc9233579c03403d9d63801af10', 1, 2, NULL, '[]', 0, '2019-10-30 09:57:18', '2019-10-30 09:57:18', '2020-10-30 15:27:18'),
('94657ff46fe4354a510de0db1a60608271b94fdfe88edb856f9b7f4cae2d17a375cce8c8d068d82c', 1, 2, NULL, '[]', 0, '2019-11-23 23:11:56', '2019-11-23 23:11:56', '2020-11-24 04:41:56'),
('97d5a66d7238f21839225ecafc63b6d413e7c74b620a006f39c977edb337e89a80144b33b6ff0260', 1, 2, NULL, '[]', 0, '2020-03-02 04:29:51', '2020-03-02 04:29:51', '2021-03-02 09:59:51'),
('986c8f7924147388217c13123b4a8bb5d0454282099ade968392d67086cb4e9f001fd8ae33fce470', 1, 2, NULL, '[]', 0, '2020-03-01 06:48:21', '2020-03-01 06:48:21', '2021-03-01 12:18:21'),
('99e7bb2504a31bd231ab336515ddc72b15964212b4d647276e800d1d689b9bd5a60f6598b7ac8599', 1, 2, NULL, '[]', 0, '2019-11-02 01:42:13', '2019-11-02 01:42:13', '2020-11-02 07:12:13'),
('a218a2c039862617745268a3000cc9d5e528be924c89e5afa41ccd6c8057ca56d77d4af5db566c22', 2, 2, NULL, '[]', 0, '2020-02-24 05:11:24', '2020-02-24 05:11:24', '2021-02-24 10:41:24'),
('a344be892dd469c531d6a62264da320fa104d03dc7f089981abab50a2563897f913bda52acfb98b2', 1, 2, NULL, '[]', 0, '2020-02-29 05:57:19', '2020-02-29 05:57:19', '2021-03-01 11:27:19'),
('a3be84bb200e911398e07d2ef09a7ae9793efa6cb406dec898dab0151333d990cc0816b178577788', 5, 2, NULL, '[]', 0, '2020-03-03 03:18:17', '2020-03-03 03:18:17', '2021-03-03 08:48:17'),
('a3f45897cb861f1f08f68df1a3d34f3f4435eca3e0629120d003cf5efaa6b71229612fb42c8f1ddb', 1, 2, NULL, '[]', 0, '2020-03-01 06:59:45', '2020-03-01 06:59:45', '2021-03-01 12:29:45'),
('a46628ca222ced79efac2326dc263ce4a7b674caf3a98a85fb219f4990fe25323c611f3f7bdb5841', 1, 2, NULL, '[]', 0, '2019-10-28 06:24:41', '2019-10-28 06:24:41', '2020-10-28 11:54:41'),
('a57d08ed815d955a3a47b9e9d5a6982148e96421d5f3bc51e9e710d0f9a8fdd2a9cecebe7473bd1e', 1, 2, NULL, '[]', 0, '2020-01-24 04:29:18', '2020-01-24 04:29:18', '2021-01-24 09:59:18'),
('aa16dbc389387ec859cd2bf172555eb5061d441567756f9873cb937bc4f2c747fed44b50c553076b', 1, 2, NULL, '[]', 0, '2019-11-24 08:36:06', '2019-11-24 08:36:06', '2020-11-24 14:06:06'),
('ac4b4c678c5c571e37189f548e58b1fbaa02527b2acf78fee2269484b8bbb26036c4f76a7e3ffa4e', 1, 2, NULL, '[]', 0, '2020-01-24 04:14:29', '2020-01-24 04:14:29', '2021-01-24 09:44:29'),
('ae602508822db9a942af70f482c1fe2d8945e440fda49b39d0b78170764260b277e82b8e9ce34477', 2, 2, NULL, '[]', 0, '2020-02-23 04:19:33', '2020-02-23 04:19:33', '2021-02-23 09:49:33'),
('af1d8eabbe48ef0ce00555b49f7330b9667f7ef9fcd815bbeee6693afeab266fe8a3954b488fb2f1', 1, 2, NULL, '[]', 0, '2020-02-18 05:29:36', '2020-02-18 05:29:36', '2021-02-18 10:59:36'),
('af3f496ac35b48e8ab5f41473769e968e23a4445929d856fa5395a15b9fef1140b021a9b06fd5480', 5, 2, NULL, '[]', 0, '2020-02-13 03:44:13', '2020-02-13 03:44:13', '2021-02-13 09:14:13'),
('afb286f1cf261c3a390f39802417f7662f2ed779efc68647c71c03dfbb974749f028d822f447a1e7', 1, 2, NULL, '[]', 0, '2019-11-01 06:59:04', '2019-11-01 06:59:04', '2020-11-01 12:29:04'),
('b23326ea9e40dfd8086552e37a2312658bc8114132d0f27c41cbb3b3d31f181d73e942371d2d5b52', 1, 2, NULL, '[]', 0, '2020-01-24 04:28:09', '2020-01-24 04:28:09', '2021-01-24 09:58:09'),
('b3622cf3342034b5606f5dfd975174f95774da0e0c036d05c3171190b17dfdb45e8e91dc870ddc20', 2, 2, NULL, '[]', 0, '2020-03-06 02:42:32', '2020-03-06 02:42:32', '2021-03-06 08:12:32'),
('b3a934d8c1ca6379671f9b86ba3d3d8bb59ce839f8794fe940531296f4b5b3dcc236132d9ed25e70', 1, 2, NULL, '[]', 0, '2019-11-20 23:57:32', '2019-11-20 23:57:32', '2020-11-21 05:27:32'),
('b4247c11257518555af5974bf5f98f3e1add3fa5d3698c471dd457e8425840df6e1961b06f8c6d47', 1, 2, NULL, '[]', 0, '2020-01-24 04:06:04', '2020-01-24 04:06:04', '2021-01-24 09:36:04'),
('b437843deb3e8977bb539ea2cdaa3eae1553235170a779483714a058b9efe6d0144527a8bb6e88cd', 1, 2, NULL, '[]', 0, '2019-11-01 07:43:48', '2019-11-01 07:43:48', '2020-11-01 13:13:48'),
('b4cd33f8cebf776c6a54d43c214c2232b8554ab777620e90db372ebbf69a913165176ada26df0a3c', 1, 2, NULL, '[]', 0, '2019-10-28 06:22:11', '2019-10-28 06:22:11', '2020-10-28 11:52:11'),
('b76a4a8d21b81489997670d5c7d46a1c3bce85bed87a341cd387c435d9f2aa7c7c0e776957cf8f05', 1, 2, NULL, '[]', 0, '2019-10-28 06:21:45', '2019-10-28 06:21:45', '2020-10-28 11:51:45'),
('b9c34136f7946705442c0cb80e1c575e1fb620a2180e2584f5034e09780259860eb7536f39c6b284', 1, 2, NULL, '[]', 0, '2019-11-24 00:43:13', '2019-11-24 00:43:13', '2020-11-24 06:13:13'),
('ba661e01b0cc47aef3bde0928304bea826bcb68bf4eab5620d3def8a73a5bd54a312a5229b2834e3', 1, 2, NULL, '[]', 0, '2019-11-10 05:20:11', '2019-11-10 05:20:11', '2020-11-10 10:50:11'),
('bb39c531862c3b9739d3aef7fa5423daa31df2db9e98e83091fe8ba289643f237dda37bf87f70eba', 2, 2, NULL, '[]', 0, '2020-02-12 05:36:13', '2020-02-12 05:36:13', '2021-02-12 11:06:13'),
('bbc2588e4d31101c2d503eff5ae571e3785bab6fc5e5c3c827e9d965efdfd3d1d8241e9c08d38f1f', 1, 2, NULL, '[]', 0, '2020-01-24 04:29:36', '2020-01-24 04:29:36', '2021-01-24 09:59:36'),
('bc821a3ad904358942dd2da4ba42ea0fcd8af9e94ea3391ee714e12ef68994a8f77047e5e77215d5', 2, 2, NULL, '[]', 0, '2020-02-06 04:07:54', '2020-02-06 04:07:54', '2021-02-06 09:37:54'),
('bd7d64bfa9d686ddb6c5e737272ad3f4745f28160b6ed098fdea792c5a62afa29a9e0b5d75463f79', 1, 2, NULL, '[]', 0, '2020-03-09 04:40:40', '2020-03-09 04:40:40', '2021-03-09 10:10:40'),
('bddb940a13757befc017726ca106df8141ab128a6537676240e188698a22c6865fa8334445fab342', 1, 2, NULL, '[]', 0, '2019-11-24 02:49:02', '2019-11-24 02:49:02', '2020-11-24 08:19:02'),
('be89f81ab03b7868f5d75a47eda6ff3d53279243d0fbb91cf6104d046e771f7f9fd30175e1c61df5', 1, 2, NULL, '[]', 0, '2019-10-30 10:09:50', '2019-10-30 10:09:50', '2020-10-30 15:39:50'),
('be93d1e811a4258bc938122569f14bf55b80dcd32dff19fe13770bd401390a4b8708954b3d6d259d', 1, 2, NULL, '[]', 0, '2020-01-27 06:04:13', '2020-01-27 06:04:13', '2021-01-27 11:34:13'),
('c192a3285f29e2d02c2b61564a849c66306009a61a8797e3c0f23edd22494c326f6cf97e7f7a04a4', 1, 2, NULL, '[]', 0, '2020-01-27 09:44:03', '2020-01-27 09:44:03', '2021-01-27 15:14:03'),
('c5a67cd1f05538a7b62b04abe8ac2efd9fda351fb5f601b7ca5343bb2f6363718c119d69603a9b2a', 1, 2, NULL, '[]', 0, '2019-11-24 04:43:02', '2019-11-24 04:43:02', '2020-11-24 10:13:02'),
('c5dbc9632bef515f8aa6327859721462ce6d704d797ccd2d6349bae196d008999564ec90a88bb93c', 2, 2, NULL, '[]', 0, '2020-02-14 02:56:46', '2020-02-14 02:56:46', '2021-02-14 08:26:46'),
('c76a92483a62c0db95582eda84ef03e04b97c78690c925d0defba626ab9cd58c63fc07d12b09fd09', 1, 2, NULL, '[]', 0, '2019-11-01 07:08:26', '2019-11-01 07:08:26', '2020-11-01 12:38:26'),
('c7aadb3f15f6c2a7dcccff12e61e4abd8bd9c223679006a5e916b1595e1a815d855bd477e137c169', 5, 2, NULL, '[]', 0, '2020-02-23 10:14:06', '2020-02-23 10:14:06', '2021-02-23 15:44:06'),
('c8df2cead5882c25303f8705b43e1bf1dee504ac2a00751f62e823df6ba2467abf98c0c2d09e492d', 1, 2, NULL, '[]', 0, '2019-10-30 09:47:06', '2019-10-30 09:47:06', '2020-10-30 15:17:06'),
('c991e678ca9ddc4f4927aae45daa8c10ceed7c74694ef662a59f6a46e7afdb92306295604bf75636', 2, 2, NULL, '[]', 0, '2020-03-08 09:55:16', '2020-03-08 09:55:16', '2021-03-08 15:25:16'),
('ca763b9138bc5b4500e4101bae2bc5385adc88cdf63d64b09d2fa306dcdef1c46cf0553b28f248b6', 1, 2, NULL, '[]', 0, '2020-02-15 09:17:52', '2020-02-15 09:17:52', '2021-02-15 14:47:52'),
('cbd2cc61d35f8c1707e46c8f446e118f7444e68c77baacdc8c3d53ac6fd0c40eb40e0a437cf20509', 1, 2, NULL, '[]', 0, '2020-01-24 04:37:17', '2020-01-24 04:37:17', '2021-01-24 10:07:17'),
('cc0cdea0f54a5ef1d7e0c4e0669d9d3e3e8c764d5423a18688c441989be883d780704c000b52f605', 1, 2, NULL, '[]', 0, '2019-10-30 09:38:56', '2019-10-30 09:38:56', '2020-10-30 15:08:56'),
('cd3dea6ab35694838b59482cd9a11d6a5c67a93eb44fd93a327eaf61ceefd38d4b1d9dfa0628d64e', 1, 2, NULL, '[]', 0, '2020-01-24 04:04:18', '2020-01-24 04:04:18', '2021-01-24 09:34:18'),
('cecaff3abd36cd6257184a920d3ab915bfd48d1ed8f015e915b0c668f78bd4aa4e3eb7ee3c3a04c7', 5, 2, NULL, '[]', 0, '2020-02-13 03:46:34', '2020-02-13 03:46:34', '2021-02-13 09:16:34'),
('d0108944dd8c0b002c920c4d72fd00b3bb9344d6925412b473f4310a78a80af3f2c4f5e24c039b0b', 1, 2, NULL, '[]', 0, '2020-01-29 07:56:14', '2020-01-29 07:56:14', '2021-01-29 13:26:14'),
('d4026625f6623d108ab44aec2e45c5739a805924af8c1e101b658b09076903f07343a25c82f8d3bc', 1, 2, NULL, '[]', 0, '2020-01-27 11:55:43', '2020-01-27 11:55:43', '2021-01-27 17:25:43'),
('d45906a50ff4753ebd7f21644ed3b1d3c4ffcaf016bd72dcc52fbfa07f97decc02bfa6b361c19dbc', 1, 2, NULL, '[]', 0, '2019-11-21 04:41:57', '2019-11-21 04:41:57', '2020-11-21 10:11:57'),
('d51c29bfe3b5e164381a3c2b411cf3d8843a82cac1b9351dd82bab07363a3a9709e64a818ebf93d7', 1, 2, NULL, '[]', 0, '2020-02-15 09:17:32', '2020-02-15 09:17:32', '2021-02-15 14:47:32'),
('d65cf76a7867d3430372ae47f02a20e02bc53cd092c22c4ad3ed8996c4e8a8a43d1bb53605372c95', 1, 2, NULL, '[]', 0, '2019-11-23 23:11:55', '2019-11-23 23:11:55', '2020-11-24 04:41:55'),
('d6920736d2db48361ffddf7dc7ceb9dff2517f9cd50f61094486525a2c14ec382a0e45eb346684f4', 1, 2, NULL, '[]', 0, '2019-10-30 10:09:33', '2019-10-30 10:09:33', '2020-10-30 15:39:33'),
('d81c49eafa4c795fda351a5815fbb8daa49d1e0e82197ea9a042b6495d7041d6228bd41dddb49649', 1, 2, NULL, '[]', 0, '2020-03-01 03:21:00', '2020-03-01 03:21:00', '2021-03-01 08:51:00'),
('d89033ea28a662a946a1df89edae8a0b788256f02e1a235994dcf85f05fbf9ffe4c208ad4947d1d0', 2, 2, NULL, '[]', 0, '2020-02-29 06:05:55', '2020-02-29 06:05:55', '2021-03-01 11:35:55'),
('db10b17c8c14902a6de83484b417bebbf6f6e5046cc6211487a2e8ac1004cd0cb0df096df005c3db', 1, 2, NULL, '[]', 0, '2019-11-17 03:39:23', '2019-11-17 03:39:23', '2020-11-17 09:09:23'),
('dbc287febceb26df9845ac90bf5b5d1f8180f8ecdf6397944334a74a91001d0cfd74637b7efb967c', 1, 2, NULL, '[]', 0, '2020-01-24 04:05:32', '2020-01-24 04:05:32', '2021-01-24 09:35:32'),
('de3f439ac15fbbc1e925d539e217d8b1cb05f2195eb4301daf2e006b8a1ae28792ec55a20b2807bf', 1, 2, NULL, '[]', 0, '2019-11-14 04:04:51', '2019-11-14 04:04:51', '2020-11-14 09:34:51'),
('e058d689a138739fac9f04bdc2f213e99b405d5fa5411ffaf2f7eff9b85d4891d7eac9bef3ffb7fd', 1, 2, NULL, '[]', 0, '2019-10-30 09:58:36', '2019-10-30 09:58:36', '2020-10-30 15:28:36'),
('e2ca124262e716e12c2fcd4a3d591c0a2b9f5570fc1eb3cb26ee82ba635636432404de8176e40595', 1, 2, NULL, '[]', 0, '2020-01-24 04:30:30', '2020-01-24 04:30:30', '2021-01-24 10:00:30'),
('e414ce02cd2b54c857c2c227ec19263cdc854439d5a3c2975d4840b86204230c4934aeda7fb754b0', 1, 2, NULL, '[]', 0, '2019-11-21 04:39:57', '2019-11-21 04:39:57', '2020-11-21 10:09:57'),
('e440f387b5d28e03d3c05dbb0d947e9a064e414c72e0b92103c3f992a25bef78ad3b7bf6912a951d', 1, 2, NULL, '[]', 0, '2019-11-12 03:56:53', '2019-11-12 03:56:53', '2020-11-12 09:26:53'),
('e5738e4915e1f6856be4e5bed7b964f65963bf3491ed1110665888870106e1f2b06a598db89cc65f', 1, 2, NULL, '[]', 0, '2019-10-30 09:45:13', '2019-10-30 09:45:13', '2020-10-30 15:15:13'),
('e57ac946ef4beffa051b71e457885d96d4f6ea86b7bf1950348b1ee1b5b1c0aa360502ccfecba98c', 1, 2, NULL, '[]', 0, '2019-11-24 05:08:20', '2019-11-24 05:08:20', '2020-11-24 10:38:20'),
('e5d5f935d5306f7373e67119855fef188a63200c007c14cd3d74c43e1bbdc54f8cb19d9f0921c97c', 2, 2, NULL, '[]', 0, '2020-02-14 03:13:39', '2020-02-14 03:13:39', '2021-02-14 08:43:39'),
('e6c664d476200976401e44ff267f596667d625b393755177de1303e4838f41bf4196bcc0538a6cd4', 1, 2, NULL, '[]', 0, '2020-02-15 09:14:45', '2020-02-15 09:14:45', '2021-02-15 14:44:45'),
('e857f4ad3b60f796f56b50a66f0fcd1bc2cad9f252a856501fda9a0fe42f09359f17807e20f7c137', 1, 2, NULL, '[]', 0, '2019-11-23 23:11:57', '2019-11-23 23:11:57', '2020-11-24 04:41:57'),
('e8d8acaabfb861b7e1ef60ee2fd054aca688d1c1c379a331a2e71fdd4fd78c9de511f566ecbe1bd4', 1, 2, NULL, '[]', 0, '2020-01-24 18:52:42', '2020-01-24 18:52:42', '2021-01-25 00:22:42'),
('e968edf8352698127742dbc9a0278ba46ada39ffb8374e0ba7f8dfc986687513a12778f3d5731213', 1, 2, NULL, '[]', 0, '2019-11-23 23:11:55', '2019-11-23 23:11:55', '2020-11-24 04:41:55'),
('ea7a06c1c10c397c1e71fdc8c27bf049e947b72b052cc459246a8800ff7127bc55083b55b461b8dd', 1, 2, NULL, '[]', 0, '2020-01-31 06:44:06', '2020-01-31 06:44:06', '2021-01-31 12:14:06'),
('eadef967a6613b59ab8cd60516deb271ab1fe7053d5db09e7d5b8ab32b1c98ecbfab014c2ff5b658', 5, 2, NULL, '[]', 0, '2020-02-24 04:55:54', '2020-02-24 04:55:54', '2021-02-24 10:25:54'),
('eb02c8793f21be2b07b221fe6335c36d375669630f8ef3eae7f0f92af4be445d8fb56866cd9b71ff', 1, 2, NULL, '[]', 0, '2019-11-13 07:13:11', '2019-11-13 07:13:11', '2020-11-13 12:43:11'),
('eb23e8006e4f6bf8c9f230223d0586ecef6aa3329c7701de09e29c5988fece08e1791a10a210f216', 1, 2, NULL, '[]', 0, '2020-01-31 01:25:27', '2020-01-31 01:25:27', '2021-01-31 06:55:27'),
('ec744acc3cb7c323ce2938543e12cc6ca5d9111f553b6903172a3f8e0ac9bf2d1c36c8842e8f534c', 1, 2, NULL, '[]', 0, '2019-10-30 10:02:17', '2019-10-30 10:02:17', '2020-10-30 15:32:17'),
('f447d8aad2c2539d585d0e03d13e189a4f7a324e2b7f1d61dd8398e786701319f38aab21ff918465', 1, 2, NULL, '[]', 0, '2019-11-09 04:22:39', '2019-11-09 04:22:39', '2020-11-09 09:52:39'),
('f449d0d416fad73c7fb87242aeb6f46f5f1db01c763749fe3e1e744059ba365f8331b3b5eb26ec0c', 1, 2, NULL, '[]', 0, '2019-10-30 10:12:34', '2019-10-30 10:12:34', '2020-10-30 15:42:34'),
('f45cb6ffd6e76ee0c1bb7ceaa94adcacef7a11e794815fdd71d18bb7e6c9def9174976cae5a1654f', 1, 2, NULL, '[]', 0, '2019-10-30 09:56:49', '2019-10-30 09:56:49', '2020-10-30 15:26:49'),
('f4f1788c6187bb001a0d7d5091f02b76c982e320c32937495aabf747f22d3df572c8ae23590fa71f', 1, 2, NULL, '[]', 0, '2019-10-30 10:02:04', '2019-10-30 10:02:04', '2020-10-30 15:32:04'),
('f51a94ec687109ff1f1c511f47b4b1e63790eaab8701e2677fa5846ddea10a1bfe89637629dea615', 5, 2, NULL, '[]', 0, '2020-02-24 05:31:15', '2020-02-24 05:31:15', '2021-02-24 11:01:15'),
('f713dbcc506701183a915e121e9a22b661d2f3bce72697493dbc7292c5ebc38f4152319eaa5d8667', 5, 2, NULL, '[]', 0, '2020-02-14 01:07:28', '2020-02-14 01:07:28', '2021-02-14 06:37:28'),
('f870baf943c303fddabfe7ec4afee9141d7858bca7ffa39d3a597931c12e8c41e747a8449f93d4e0', 1, 2, NULL, '[]', 0, '2019-11-10 01:45:09', '2019-11-10 01:45:09', '2020-11-10 07:15:09'),
('fb2db760aa873acc96a6890524fe66278cfeafe644b5f5b6fd9c3e2cf333e61bfc30b1e6615f26c7', 1, 2, NULL, '[]', 0, '2020-03-08 11:26:23', '2020-03-08 11:26:23', '2021-03-08 16:56:23'),
('fc6edccb1bf6176db308de84216f2e686b94044c8d1d499bb02f69518bb3b187cbdf65057bf643ec', 1, 2, NULL, '[]', 0, '2019-11-10 05:46:22', '2019-11-10 05:46:22', '2020-11-10 11:16:22'),
('fcebffcbf857a482cff5051a56eb643485bdb91e09ea3986c766a3b7d5612d8518afd7b3b134aa63', 1, 2, NULL, '[]', 0, '2019-11-23 23:11:56', '2019-11-23 23:11:56', '2020-11-24 04:41:56'),
('fd2b81b67a96e12ad736524ad86c87183cf3bc7a22f9170160642279f4ef353562ff42060bc6f426', 1, 2, NULL, '[]', 0, '2019-10-30 09:46:26', '2019-10-30 09:46:26', '2020-10-30 15:16:26'),
('fd2fff0d1b103af90ce0d80160c3b8ff067a12d73a70e5bfa0c4bcb396b24d0430b76235d97ea4c2', 1, 2, NULL, '[]', 0, '2019-10-30 10:05:15', '2019-10-30 10:05:15', '2020-10-30 15:35:15'),
('fd6f84841769de8278c958ae0fbfbc53ab8de304fa89339a26b340861931f495b9fa50a77be51f0d', 1, 2, NULL, '[]', 0, '2019-10-30 10:08:54', '2019-10-30 10:08:54', '2020-10-30 15:38:54'),
('fdb7b05b4d1ee361065e389e6d23e69cc2a4e6f48f5fce1152d493350e54740fcc2d82f0c64afe07', 1, 2, NULL, '[]', 0, '2020-03-03 00:26:04', '2020-03-03 00:26:04', '2021-03-03 05:56:04'),
('fe852796ccf1be22559ed51cbf0e5f0360d97068b873b9f1fd37b462f2d9c316640601ad64730a81', 5, 2, NULL, '[]', 0, '2020-03-03 01:47:18', '2020-03-03 01:47:18', '2021-03-03 07:17:18'),
('ff29f02d9c7b8ad26180561b53c2542bb0649a4f406c547062e7d80aa456ae9a6c9068e92ea19914', 1, 2, NULL, '[]', 0, '2019-11-18 11:17:17', '2019-11-18 11:17:17', '2020-11-18 16:47:17'),
('ff50c25111eb4c8a6f91ee4aaaf99a8f4e41551ae2454172d7c9e21dd8f3c740caf847eddbb67cce', 2, 2, NULL, '[]', 0, '2020-03-03 03:24:38', '2020-03-03 03:24:38', '2021-03-03 08:54:38');

-- --------------------------------------------------------

--
-- Table structure for table `oauth_auth_codes`
--

CREATE TABLE `oauth_auth_codes` (
  `id` varchar(100) COLLATE utf8mb4_unicode_ci NOT NULL,
  `user_id` bigint(20) NOT NULL,
  `client_id` int(10) UNSIGNED NOT NULL,
  `scopes` text COLLATE utf8mb4_unicode_ci,
  `revoked` tinyint(1) NOT NULL,
  `expires_at` datetime DEFAULT NULL
) ENGINE=InnoDB DEFAULT CHARSET=utf8mb4 COLLATE=utf8mb4_unicode_ci;

-- --------------------------------------------------------

--
-- Table structure for table `oauth_clients`
--

CREATE TABLE `oauth_clients` (
  `id` int(10) UNSIGNED NOT NULL,
  `user_id` bigint(20) DEFAULT NULL,
  `name` varchar(255) COLLATE utf8mb4_unicode_ci NOT NULL,
  `secret` varchar(100) COLLATE utf8mb4_unicode_ci NOT NULL,
  `redirect` text COLLATE utf8mb4_unicode_ci NOT NULL,
  `personal_access_client` tinyint(1) NOT NULL,
  `password_client` tinyint(1) NOT NULL,
  `revoked` tinyint(1) NOT NULL,
  `created_at` timestamp NULL DEFAULT NULL,
  `updated_at` timestamp NULL DEFAULT NULL
) ENGINE=InnoDB DEFAULT CHARSET=utf8mb4 COLLATE=utf8mb4_unicode_ci;

--
-- Dumping data for table `oauth_clients`
--

INSERT INTO `oauth_clients` (`id`, `user_id`, `name`, `secret`, `redirect`, `personal_access_client`, `password_client`, `revoked`, `created_at`, `updated_at`) VALUES
(1, NULL, 'Laravel Personal Access Client', 'PX1bRkx71UO5rOrspDAA6y1K9cKSB2mhGCwa5CMl', 'http://localhost', 1, 0, 0, '2019-10-25 08:19:00', '2019-10-25 08:19:00'),
(2, NULL, 'Laravel Password Grant Client', 'wkME1r9jNJ0LjG37MxB31EjprFa8Ly57L6Q00SDU', 'http://localhost', 0, 1, 0, '2019-10-25 08:19:01', '2019-10-25 08:19:01');

-- --------------------------------------------------------

--
-- Table structure for table `oauth_personal_access_clients`
--

CREATE TABLE `oauth_personal_access_clients` (
  `id` int(10) UNSIGNED NOT NULL,
  `client_id` int(10) UNSIGNED NOT NULL,
  `created_at` timestamp NULL DEFAULT NULL,
  `updated_at` timestamp NULL DEFAULT NULL
) ENGINE=InnoDB DEFAULT CHARSET=utf8mb4 COLLATE=utf8mb4_unicode_ci;

--
-- Dumping data for table `oauth_personal_access_clients`
--

INSERT INTO `oauth_personal_access_clients` (`id`, `client_id`, `created_at`, `updated_at`) VALUES
(1, 1, '2019-10-25 08:19:01', '2019-10-25 08:19:01');

-- --------------------------------------------------------

--
-- Table structure for table `oauth_refresh_tokens`
--

CREATE TABLE `oauth_refresh_tokens` (
  `id` varchar(100) COLLATE utf8mb4_unicode_ci NOT NULL,
  `access_token_id` varchar(100) COLLATE utf8mb4_unicode_ci NOT NULL,
  `revoked` tinyint(1) NOT NULL,
  `expires_at` datetime DEFAULT NULL
) ENGINE=InnoDB DEFAULT CHARSET=utf8mb4 COLLATE=utf8mb4_unicode_ci;

--
-- Dumping data for table `oauth_refresh_tokens`
--

INSERT INTO `oauth_refresh_tokens` (`id`, `access_token_id`, `revoked`, `expires_at`) VALUES
('020256ed03be7886f0e85b135422c4a12b9cf75231b7d8da1040fdb8ca2b753f96d86da8ca697455', '64c3248c3821a0f81cd29b5860442257da78776bb8dfc4fb4d2ea66fb7710bf535d6848fd35c6489', 0, '2021-02-06 11:32:22'),
('021e75912373354de63acad45ae688e76fea6d6e856614428aa57ec65c2ab6dbe71cb53677ab2803', '60350e9fe27f9522af80f4e6acffa7896085a981c8862edd653377b4ee1e0d4f4f950a75c633dcf7', 0, '2021-01-28 06:08:48'),
('04bd0f69bec133df1d7b93c11b01ce9acfc63c4f067013016f6688d700104f293d93f63c2187fed9', '60ba765e55be410ad05a0957df72ece7a5a7842b6ed8c808204620b687d8a8ca8c95754047143acd', 0, '2021-03-06 12:54:47'),
('060b26b9c75cb31f2c8928652d64753f4fa7fe99e5c399adf18a3cf80308b8d6a44db0c020d4f411', '45b41afe04b16ceae48622c9864b106098519767ab2ffe16aa726d7340db096997cdcb440cbb3f12', 0, '2020-11-24 04:41:56'),
('06973105d81c23e86b7241ecf760bd36f3ade261893e9592e4a081c5db032f5ca5aa1087c4dc9007', '4b8af62e54415692b32d593b2e00fb2505ecbf9f0899097dad7cdd1aeb65f02008e3271a9e1de219', 0, '2020-11-17 13:31:27'),
('06cc8a2d58d487c3edefdbb16dcc49af6f02fb228ce73ad70a5e05c6bbe702fb0fe70e3404bb1087', '409d615eeac6255b33e1ff4e30eaf29542f71015a7735b8f31284cc14e62f652f0ccb6bf5953fe02', 0, '2020-11-14 02:06:25'),
('0932db05ec4f05176215005761a38090e0052c8cc80d4866fa6f119041c1d09343d018a804b615e4', '069be1dc36953deb73f7934d0907a4906f28283340df5773d7753779e356874a1eaf1f946a075d2e', 0, '2021-02-18 11:39:25'),
('0aee81df709490e23a2a29991a25bdcb7a7a2ac1e4b9b612a4279ffe7b28b1ed741369c7a7d18413', '788f0b479e5a6de7ad2756b1895276a984f86c13eb6c279275a28276c256e421729b4284fc56b365', 0, '2021-03-01 11:39:03'),
('0b7979ebc2d3c24394f76bccf6d66e90644bae9a7c655d854d8ead55fe2ea79ba30453695267e8f7', '5d16f3a16c15ca43c7c5296f1ef6808ff8b00294c9f9c07eb6899209f116df85eae866fe10a025e1', 0, '2021-03-06 13:00:55'),
('0c0ccd1f70213bd43d92c654e355dc899ff3f8bed8cb546d8e35eb75314c91cbc56c3085982ab1c0', 'a218a2c039862617745268a3000cc9d5e528be924c89e5afa41ccd6c8057ca56d77d4af5db566c22', 0, '2021-02-24 10:41:24'),
('0e03c626038420198ed846c49752f75621238cae56e73db46b6020edf29c10e31829146fef84b1ea', 'f45cb6ffd6e76ee0c1bb7ceaa94adcacef7a11e794815fdd71d18bb7e6c9def9174976cae5a1654f', 0, '2020-10-30 15:26:49'),
('0e09996833545a1b01e2b603da3d9c6dbacb21ee79d531a3e15e7bc459f543eb81a82c20042e98fd', '423c2c26b314a10c4c8f14be25d6dad420bad23a427aa817839dc643b4b446a9018e7ddeb86743bc', 0, '2021-02-07 12:50:56'),
('0ec51bad20e1404034253ca5b98371def7b013b70c8fdffceef56580130352e546e4d2b61a9146ac', '4ca83a4f6088dbf2fe02be753f33cd6d3adf731b6238befeeaac5da214b2577eb0a82f3eab5738a4', 0, '2021-02-14 08:21:55'),
('0f919ebbd9c655cd9c32bf5e2d0fd24012e489afb461e14b023d6a3097293d268518f8c3f8bcbc3a', 'fb2db760aa873acc96a6890524fe66278cfeafe644b5f5b6fd9c3e2cf333e61bfc30b1e6615f26c7', 0, '2021-03-08 16:56:23'),
('100dd4b49a554efc2da545424c37c96a37fe02b14fe94fd1a56ede3c16e001e3caa96ae51685a5dd', '244b8b6cbde478a622ae0fd0c53f84ce107e49fac740b3fe9bfd85b8b1399521a21a30e72b864fe0', 0, '2021-01-28 04:50:07'),
('116bd2a98bc47012af86c8e1fec2244ebb145783b2355a1a8a8171550edfbf6b2804bc6927d801b2', '27a06fa1d5f58a22a1b74c9de3ce55c35a739ea5f53e8e6224e0d35a29f9e8cebb54f56392ed6f9c', 0, '2020-10-30 15:09:14'),
('121f604a6d06f9b98cee0b3477998f8a9b7793b182f1016584476cbd8e891bba317497f5a042861f', 'c192a3285f29e2d02c2b61564a849c66306009a61a8797e3c0f23edd22494c326f6cf97e7f7a04a4', 0, '2021-01-27 15:14:03'),
('1292a3f2f9cc2092038a0ce56b5ba50e94452065d5a7e272f52d34a55fd73b29fc88a392926c4143', '7ad347b993d9f0ecb6559714bb72671e6d67fda406e84562e3e3709928c8469562ea19c9340f5b19', 0, '2021-03-01 11:39:53'),
('12d93424fb5397c5b3bde4807c9da18940d0395eae93e44bc0b59869a2663f7acaa72e5c0b245540', '775915870ccb75c853dd694f789f8621f95ef3b1a6bb8ffddf756ff2d214a7bc7865a64dd16a0935', 0, '2021-03-03 06:13:46'),
('131cb48ab1576313c8b8adbf719b9f58c2a6c9e428b68a801e780548d0e7be028f3076a48e7b0806', '8d9f1de0df63d9225c861fa9ca60707c3f8dae96ec62efd21e9f89c4f2be73bf1d9bd8ae575b98b1', 0, '2021-02-13 09:15:13'),
('131e1e85e3f34b63570f4fe24f8315f12e94403569d4a16f78e458b1ba722aa7e7537b292587e5d4', 'b3a934d8c1ca6379671f9b86ba3d3d8bb59ce839f8794fe940531296f4b5b3dcc236132d9ed25e70', 0, '2020-11-21 05:27:32'),
('1ae331e77686c73e26093d3bb8bd853f2df1489627f7fc33e55ec297a717ef388a8c0cef33cb2bca', 'fd2fff0d1b103af90ce0d80160c3b8ff067a12d73a70e5bfa0c4bcb396b24d0430b76235d97ea4c2', 0, '2020-10-30 15:35:15'),
('1d070cef16cbec7a4d5a92c19876cc1dbdc8b94978ff20f403c28c4a6902b7cde2240f53b984badd', '79cf4ce97adfa1acfb27cc4da136be595a562d5cfc08a0b797bcf2fb7366c7b912ec53d3d26fb531', 0, '2021-02-07 12:44:38'),
('1d5cb3e7e24007bdc0dbe055f7f6e3b683695afafa8a21ca6a6f6544b10d748de23a2680b82a164c', 'c5dbc9632bef515f8aa6327859721462ce6d704d797ccd2d6349bae196d008999564ec90a88bb93c', 0, '2021-02-14 08:26:46'),
('1dda5d10a86d79de0e1820992c938b58b8ff5f4874cc1643cbbad8e84a13b0d476b442779bae545a', '91bab310ba3493ff086fb3f9158623c03863eb2cab5ebc4e7ce21bb794eb06b81e12e91084c4fc6a', 0, '2020-10-28 11:52:24'),
('21d82464cca0ecbdae5dd8a15dbab4a7dc20b53a28b75caca14fa4d401bed297d0a961c0848d6288', '4cf301cdb994a29947bb3017978ea640ce8605c866c2c0e260bbf432d726f7a2abba0ea9b1e4b41f', 0, '2021-02-25 10:44:37'),
('21e1e17fca4d5741f3a56fd7d7efc24ba9601d48b34e82729ef4879ac0c4fa38a418d248294ac0a8', '921b1f8203a0b83b70193d317f93df036acec0cc16ef214661f961474fd6a4bbcd8b45bc3524a30d', 0, '2020-11-26 15:01:28'),
('26ffb10eb721876653ec4792b56164059cfb7842cbebffc844584ca88a9ef0c9fa7acc961bcb412b', '152e3be745b65d99aea6860ac3294956984f7be8fc9c5293b4c12b14532c931962bbce2b9848447e', 0, '2021-01-24 09:59:48'),
('27ad3798eb1581e87d381505d6b37ac150c078df609ac042bee3386db80e5fef1a0d1897ca408285', '27c1baedc4d57ee292c5bde86f3471a4e37b8ef0724b4208280b9a1ec72038386436546d9672724c', 0, '2020-11-24 12:06:28'),
('29526016df5db9b3fdc7128c1bfceb3d754c919da351156817e357e45e21ae10dfd8cd6c0767de0e', '66eb961781be9631597a941a23a9dfba9184c38c0a2cf168f07b9a500f8d691fc5002ada49385a6d', 0, '2021-01-24 09:32:44'),
('29eb4294a4fe2c51bd81a213a3c0841aefe5a440ad6c8e780eb3b18f4dbd91dc22375019893b8111', 'a46628ca222ced79efac2326dc263ce4a7b674caf3a98a85fb219f4990fe25323c611f3f7bdb5841', 0, '2020-10-28 11:54:41'),
('2a34d11ff51496038abb44dde72efc5af22cd90c519c1641e885b40e70de4990d4a2206e37994ed6', '3b2bfbe9c5eba9d26ea01b5eaa8fac4fe98cb4f9ff7de56dfc5f3ed81b71c938ea65b14baf18a151', 0, '2020-10-30 15:27:00'),
('2c24c597fc0d01b0e5a147b06f604a2433cc476a89902dd5ce77e7666224fb5021c5bda745c8cd36', 'fcebffcbf857a482cff5051a56eb643485bdb91e09ea3986c766a3b7d5612d8518afd7b3b134aa63', 0, '2020-11-24 04:41:57'),
('2e389631a3c7406d79418c86950f0471631d940497307e968c45836dc839e59aee41b2ce20d92ce3', 'e5d5f935d5306f7373e67119855fef188a63200c007c14cd3d74c43e1bbdc54f8cb19d9f0921c97c', 0, '2021-02-14 08:43:39'),
('2f0d935055e42bdee77278f2a49fa18da6b9035a74d259422af4d556c9d148e9961e33d64c0a1313', '34273e35c747fd3ba2ee44007708f1fabca6d3fbce3ce541ddbd030feea357b3555c159cadd4dad8', 0, '2020-11-17 03:35:02'),
('300a550dcd292175dbdb0d691356e33f35964e70df3c583d4eed6e0d1e2cecfacefdec53c2fe9b86', '3b40dfbcf37de17b6b94e85918d77e64204d65c5d25bf065bd1cacc742d5effeb35b294950509624', 0, '2021-02-17 21:16:04'),
('330b5622b9f60ee9a0f68adea6b5a0a94cc0be12d0f8efb93357d29826a6719870ef01ecf74b9acd', '5773af20982521311f38b8951697e7ba26f9a63f0f1bf4da9d47f84c7bea4771860a46550d279640', 0, '2020-10-30 15:15:24'),
('3361686cc8bf6aa17ad7a27954f534e4ca12b236dd013d09b1e0ba2374cb8e7fc2af7a244850de54', 'cc0cdea0f54a5ef1d7e0c4e0669d9d3e3e8c764d5423a18688c441989be883d780704c000b52f605', 0, '2020-10-30 15:08:56'),
('336c197819f29c50f52bca4f834704edd0a070b19c38baef290557acbc70bf811703b9c6346ac161', '6486fadf3ad427ca75ecdfb94e4239ad345c3c2750410ca586a8db5be5592b00b515ff898584cb37', 0, '2020-11-27 05:06:14'),
('336eb843cd90adf4ce5d4c7d630d0481b72f558ff64cbc120cea70de9ee50ef455afee408223ad2d', '1b3c645c6b3fe7051d72962ec43b1a228a1a054a56f45e8165cc6c65f4524765da6dccf350017a67', 0, '2021-03-06 07:44:54'),
('3973f38d1295c372515be65815d4b8b069a450d5c13a9beec1dea6c5c4ff48f5fedb6c15520f9711', 'cd3dea6ab35694838b59482cd9a11d6a5c67a93eb44fd93a327eaf61ceefd38d4b1d9dfa0628d64e', 0, '2021-01-24 09:34:18'),
('39b7bc8ec4d87e7b9e64ebbd2082a5bf296a193e9e0f52ff166a3759d2dad2a9547e71600f2e0578', 'bddb940a13757befc017726ca106df8141ab128a6537676240e188698a22c6865fa8334445fab342', 0, '2020-11-24 08:19:02'),
('3aa2b2bf337ec4a356fffe3ad9154f30d7339cd2c54141f4369d09300d7a6054187acdc9678732d8', '810c6d3cb78eec0455035acfbfadd19f146b6653e762d5eecb53ead4b21f07f6de5415f46c79f8b3', 0, '2020-11-15 12:34:19'),
('3ad17dba7732fe8ecdcb0f77388beca1de82d1fa2eaba2269e63b713861eac85c24bb6f9d2369fef', '7be3c278c5afb3602ac9f4efc15a3214199837d5e4f14d46fc3a2e1bd657c8633fea93f28a9e0fc9', 0, '2020-11-24 04:41:57'),
('3b7f8785ba3262d201e45918eb24cf4bf5c3205c65357c200a717141b713e501df7cf8b36b712668', '401f6b5d08bc4e8e244629c972b687874a9e5e0bc601b2caf1dc32d2bf423dbaf4d6369ad7a76aca', 0, '2021-02-05 12:50:49'),
('3b88dd55bcf7694e58a2efd423352642a6b20ad2fd687415166f7a14ce6aef0ef76ab03db99466db', '97d5a66d7238f21839225ecafc63b6d413e7c74b620a006f39c977edb337e89a80144b33b6ff0260', 0, '2021-03-02 09:59:51'),
('3bcaa903172a47d9e9e4ccf75b55df730588b17acc1f319aea29926f3987d2cdede41eb9ca10011d', '6d722226eeaad520e880b5fe95a9e62d76a7ff9ce58dbb15de4f3018c8e855079234ebd1100c1b99', 0, '2020-11-08 15:13:56'),
('3d4f8f4a3433b611a4f2edafbe3e811d10da73222f1b0abb767c1e087cfe4f7fefb4cc966d41474e', '4d8f616248cbb56069d543c347ff3668678cf659819232b479dae888dc55b7683f182cea127b9da7', 0, '2021-02-24 11:02:38'),
('3d59ebb428ceee66aaaffcc773cf2fdea8a534575ef3a06cc625cfa7ee759e0a3aea9a9c79831088', '4b27b4bfcddf7e3d5ef5490be1cfe631fc90d4b99d4b546a4b36adca8893ee557d0bd56289eff343', 0, '2020-11-16 00:07:33'),
('3e16bc9a0b24c613795fbd8e7a4abbd92b49f87473637b31b2d9b412313542795dd71f25b84e82c7', '69fce272fa9602cdfe28ee9d207112c5bda4096102ce5679f0c24ed3b0006e67aa8640c0e29613fe', 0, '2020-11-22 14:28:48'),
('3e7652e6f9d5075c1138b5c30c33e4203d216e482e11ee4d6ba59775a28194f7fb31b52962be09be', '4f11a339ca51c310210be99a0b397d43c910a8046703e09e6fe5bc37f9dbb0ec2042db98cbb0e479', 0, '2020-11-18 12:32:01'),
('409f2bf5c483af183c26252c40c0ec6db73403bda154a67c779b61c294ff7e014590aa7852a76b79', 'ca763b9138bc5b4500e4101bae2bc5385adc88cdf63d64b09d2fa306dcdef1c46cf0553b28f248b6', 0, '2021-02-15 14:47:52'),
('411780182e011e387494c8c6be9c80700e78fedb11e4aca8d74aa44217a6709292b1457942eb71b1', 'af1d8eabbe48ef0ce00555b49f7330b9667f7ef9fcd815bbeee6693afeab266fe8a3954b488fb2f1', 0, '2021-02-18 10:59:36'),
('4327ab31eb9f03ab22c2840f26ad106a928e145d1a02ba1b770329d7bc2695a684e855757d633521', '8f3ac9651bef89f45e69c64f694321bcb6f41650c71f9949d74e53d8a6ea690f3049f0acee7caee6', 0, '2021-01-26 10:07:39'),
('438c6e7445670f1a60609f23b94b442184e3e3e3ce022731299789e7a33297edb83ea6f6896f6e41', 'b4247c11257518555af5974bf5f98f3e1add3fa5d3698c471dd457e8425840df6e1961b06f8c6d47', 0, '2021-01-24 09:36:04'),
('45784eac3343963af8b2251d2b49729d2c550acb7b690e5579b0dae65e117895c97b71a75c54233e', '453fc2aeee991fcfc4bfea07be7733f839d429cd4631519e5bdf4aaee8829bae2954efa37b32cb84', 0, '2021-02-21 12:17:57'),
('46b4f16b4940dc23c7812ccd50cc908da1ae710078aa603c9cd89c40b6410cbe07b64910dbf54580', 'ea7a06c1c10c397c1e71fdc8c27bf049e947b72b052cc459246a8800ff7127bc55083b55b461b8dd', 0, '2021-01-31 12:14:06'),
('478e66d3fee83b04072787a2b37ed4ccc215b700c10e59632925bc26dd8d3bc598a60ed5ca423f43', '6684cb209a0bd89f187d19ec794b66b1969565294ddfa77f1fb750d68b27957269a2703237120d07', 0, '2021-01-24 10:00:13'),
('4914f2f0a02028c4a95330d7460956c10f4c3bb20a388d92019201fe14b1c5007863d2c82b159cdb', 'f4f1788c6187bb001a0d7d5091f02b76c982e320c32937495aabf747f22d3df572c8ae23590fa71f', 0, '2020-10-30 15:32:04'),
('493922765f4adff6f8b6a90285b1dfdd429662e5126b379c569a9ceb000d621eae0b88978cfdeb45', '914467335e2cd1bd64f74340250def305ddcc707767999bc50e47e963702618e22bd98668ad6b3b4', 0, '2021-03-03 09:00:52'),
('499011f8c7bd31a301208444a74faadfac2f73bea78bd22568c7837f16bc428b43fcb5afcb4a5c48', '69ff9441c16dd0c5b5d619f34a4e2f4a75eb726881d67686acc4d795a7ca71d5285528810595104f', 0, '2020-10-30 15:26:11'),
('49a88e12c201e154008422ddb6ded31eddb5a6b6961f4b4a7179fe61605967064dbf2389b1f187b0', '0dfeb330f6a34eed5053e6d16bd482de252e4cc00bb4199f217215f4af9c338f7d60c34067f50d33', 0, '2020-10-28 11:51:56'),
('4a9bab707ca1a2a36b52d06d602717b1e52a92cc2910f57c3f9aafdd393883d088ddd393d80c70a7', 'd4026625f6623d108ab44aec2e45c5739a805924af8c1e101b658b09076903f07343a25c82f8d3bc', 0, '2021-01-27 17:25:44'),
('4ae85aed0796ab394db25724c582eec6d54f351e3873b32797950ccfd14ecf582e0d38c4e92360fa', '01c5bbeac13779ec1458518c4d95e123721508c5e0abd923edc9935d4838c118926e9d74b3798255', 0, '2020-11-15 03:11:28'),
('4af688c2eaa43f128828de0694df55857e2bf8688f49a2a7f4a7572c6f3080b75aca7cac075a4425', '4b2e4a2b3a56fd23d0c6425d9aed9b81da404ea243f2879d95eb7b5bb859fd994dcc3aea926b7502', 0, '2020-11-21 11:53:13'),
('4af71995e09bf34c9c8b3948d28b24e3918da47a171243f425f9a1ef670e29ca78b258871266f4ef', '5b2e888b333d4695d143761c373aa2d266779a59f7ee5509d49edfffdf316e1bf2757b9aaf48de64', 0, '2021-01-24 09:59:14'),
('4d9d7fafb3f6b98132fcabb560393e20a828e8d82bcb9866f677f103ad038f28c76ea11c2cccaa4b', 'd51c29bfe3b5e164381a3c2b411cf3d8843a82cac1b9351dd82bab07363a3a9709e64a818ebf93d7', 0, '2021-02-15 14:47:32'),
('4dbc0f5d466971d7cfa059abd29f468a03108d6ca23b9e55d539c8a95b81c85312e17164af5d232c', '5a2f7d78b8cf1d2a6aaa22eeaab9e2187f26843afbb81748c8103ac652cc3875669823613813c4df', 0, '2020-11-14 06:50:53'),
('4dff31aaabba4beed13b898b0f0424d6944217f7949d99045a4ed2914733f90900743b2086ef4340', 'e968edf8352698127742dbc9a0278ba46ada39ffb8374e0ba7f8dfc986687513a12778f3d5731213', 0, '2020-11-24 04:41:56'),
('4e03bf39568961f6df6d35d5b89c4d9b16446a8ecf9809c3769acdfa4e3971876352984a7e4df25b', '76b21f1a7ab755e2dda748e4008778bddc0de1ef064a59dbb8fa692c07c81220473e544045d6868e', 0, '2021-02-04 12:13:12'),
('4e47b19af5c8ac8778babcb6c29f75ac5c836053c95ae830338d12b8534dcc6a37b8b7145e08682f', 'e857f4ad3b60f796f56b50a66f0fcd1bc2cad9f252a856501fda9a0fe42f09359f17807e20f7c137', 0, '2020-11-24 04:41:57'),
('4ef89602fcd40995bcb063c76ff5098cc0fa850dbbea6836bb4e7e26dc9b4d2ab0aba0e0649c14ff', 'de3f439ac15fbbc1e925d539e217d8b1cb05f2195eb4301daf2e006b8a1ae28792ec55a20b2807bf', 0, '2020-11-14 09:34:51'),
('4f15905de9f93f5071839c81ed929a8c009cc2264775783e4ffcf70eaec110fc3b1cc778ab20a98e', 'aa16dbc389387ec859cd2bf172555eb5061d441567756f9873cb937bc4f2c747fed44b50c553076b', 0, '2020-11-24 14:06:06'),
('5089c1d1278e3d474974af216d5540437def55322b1da6c873607c20db1bf3f62df546ff07acc63b', 'bbc2588e4d31101c2d503eff5ae571e3785bab6fc5e5c3c827e9d965efdfd3d1d8241e9c08d38f1f', 0, '2021-01-24 09:59:36'),
('50bc7f3725f0b8342f437d1da082465a8ce3e98d6705070c97145803ebc4e2bb088506e313f42c08', 'be89f81ab03b7868f5d75a47eda6ff3d53279243d0fbb91cf6104d046e771f7f9fd30175e1c61df5', 0, '2020-10-30 15:39:50'),
('549a8d45e012c424ae62346e580f959db460f87ab8f1d6daba277ae684f46687cb2a1f124fc84f50', '9302a83c323d325cee2ce017abe4ecfb1fc915334f35aa8fbbde598ad8b22a39eaad84fcbaba885c', 0, '2021-01-24 09:38:16'),
('55ae20d8c7b8456cf40078db0a2138aed4a94b67bd934104991e4cc804f21e1fee452cc883ef258a', '3e7084c0a0ee19a1d2105faed56b2e4b5ac097330906bb655ba5ae881196f8c60083258ca5882bee', 0, '2021-02-17 21:17:03'),
('57694b798ab42b5ec269ec41e04e158fad707eb92a7675dd808b97e1e14623d9790dc7266c10561f', 'b3622cf3342034b5606f5dfd975174f95774da0e0c036d05c3171190b17dfdb45e8e91dc870ddc20', 0, '2021-03-06 08:12:32'),
('5787741685f8dc5e58beb599a55fa921ddc3eeba4012000c8f28e3012dac033d94971123fadbca3f', '472cf29102334ae3463634937a2fcac86c72882d258402149932b78f2a87b0b24cd843fc75703f96', 0, '2021-01-24 09:59:44'),
('5972d5a9cb3fcfb76bc033839b95246e0aa607c4e0d490eaaa36e0b7e41e27f5fe1b30b3905a157e', '2ede0b54ab3d17e48de0cc5b1af7a4576b8de5563b9fc33c0843079dbbfc7a67117a8ad5331c8d6a', 0, '2021-02-24 10:46:28'),
('59acb63a99a26bd095c107068f75b8213a749218f23d29e4a857d636a05ea3dc4e9766583c64b604', 'b23326ea9e40dfd8086552e37a2312658bc8114132d0f27c41cbb3b3d31f181d73e942371d2d5b52', 0, '2021-01-24 09:58:09'),
('5a4d938c64e3599afcc50f6a8b09ea765436941f5e269921a2a766518b836517e5c7420c35ac76c5', 'bb39c531862c3b9739d3aef7fa5423daa31df2db9e98e83091fe8ba289643f237dda37bf87f70eba', 0, '2021-02-12 11:06:13'),
('5a7ab85be930bc6138fc8de8179986eef92c1da49907ea9f252d0a99870d0bb98184853ab5722683', 'c76a92483a62c0db95582eda84ef03e04b97c78690c925d0defba626ab9cd58c63fc07d12b09fd09', 0, '2020-11-01 12:38:26'),
('5f2bf92b6014e5c260ece74d8bfbce064d14dc0832745d008bde6b8e08203bfd597db11320b2c95b', '120186df19c2cb3edf03efff9bd722de16cb73dbcc57e9b4a495cdfa167e72de71db39ead5886611', 0, '2021-02-21 12:23:48'),
('612726f2ba95b911522679153beb21f18f816db648e7df0d831ed504bfe4083aa025138fb992c433', '23bd460cdb5e4795170985485864861ba49018dda4f3b82925a0da63bbb63c35075cadfab1633189', 0, '2021-03-06 13:07:13'),
('62ad3106a0e0164c29fdd8d750f6ad3764065ce2b999328b6b95e71f1b3c138616e6ade952dfcc8c', '7b8b8ba6cda23dda3fa013710f59774cc5d2961a81727e71f3f9dfc981edad0975633fb85b531928', 0, '2021-02-01 19:48:15'),
('6365a791fbaf92aca49ed9dddbe0d232bcf1a1dd1982ba4c072e09eeb7ca44c5b4ff1acc18c9e78e', 'b437843deb3e8977bb539ea2cdaa3eae1553235170a779483714a058b9efe6d0144527a8bb6e88cd', 0, '2020-11-01 13:13:48'),
('646837b247f0ec8b589971f6c875d41ab2e061abb67bfbc302520184d352cba058aafe057b21714c', 'be93d1e811a4258bc938122569f14bf55b80dcd32dff19fe13770bd401390a4b8708954b3d6d259d', 0, '2021-01-27 11:34:13'),
('65e59ebb080756be90a18bc5259b5a8c59e6fa759f271735bca47cbec2470b06a347a98439b5f6fa', 'ac4b4c678c5c571e37189f548e58b1fbaa02527b2acf78fee2269484b8bbb26036c4f76a7e3ffa4e', 0, '2021-01-24 09:44:29'),
('681c5b15758d98b22002a7509b01d013b4e9c03f882cd5001bc1090052635619d31b89a1f7809ced', 'b76a4a8d21b81489997670d5c7d46a1c3bce85bed87a341cd387c435d9f2aa7c7c0e776957cf8f05', 0, '2020-10-28 11:51:45'),
('686283f06a6a784b264ed6adf13305012483140270aa2cbab061dc47af7a77d9977fd1abee3a5b89', '265372bd1ffc11afa9ebdcb35d84364bb99dcc4af1eca8caea17544589b76448c64ed1a3f2beca6c', 0, '2021-03-06 13:03:26'),
('688c31cda67f1350a4cfbf7546f01b40d417d628bc15b7d0f20678b885747f882f58e2e8a01b2645', 'e5738e4915e1f6856be4e5bed7b964f65963bf3491ed1110665888870106e1f2b06a598db89cc65f', 0, '2020-10-30 15:15:13'),
('69301c27987420050630d5d83797f7bf78eb1d59ff49932b4bc6664bd2360ca79b44bf7d229da6a6', '49eaeffa5d4ad24fc1a3c2cda3c9957b3f14034c54f360dd8edbf2e06cee1abf96241849309dfa46', 0, '2021-03-06 13:08:51'),
('6f3f17fda3089f5a1b27ba8a7f4e2141bcd7ddb94459d69d9381c9008e2e5da495ad84475bc947d7', '65428b90b35c63faaeec87139fa918e4f1ea4a9a2de61ba098ca21db42ae6d861be2bb3899de485a', 0, '2020-11-24 04:41:56'),
('702603944d5c3e0c6d2f5db6e51eea376335d3c73a19ac9edd076ec0712897c689ffa48b9f11d40e', '272df645003d0cbe76211721b0b1bee94c5deaf9670d34b300a9876101e7eea8bcb953d4cdc9a3d3', 0, '2020-10-30 15:43:01'),
('7088e7a7064890fbf0b35f1c041c6b434947bb18fd8034e40cf05ae00b250c2adcc7266fcb54415a', 'dbc287febceb26df9845ac90bf5b5d1f8180f8ecdf6397944334a74a91001d0cfd74637b7efb967c', 0, '2021-01-24 09:35:32'),
('71654c575710af59ca86ca454df7a32aebcdc09b57cab11f329407eaaa825ecdbbd7bff515e97a25', '2a0e4c1efcfcf9e940ad70fd5162b2f9a8ada460c40dd883431feb0bfd34a45f6d849356f355ab02', 0, '2020-11-22 12:01:02'),
('72255924226ba0d188897e0ea420a738542aabaa15e1a4998659831ed2f50eb627d965e7ecbf0bdf', '05218d76a525bd38511614b2f9c3743a4996992c82e1b5611f1e232ed7b7013e8186f603f93776fc', 0, '2021-01-24 09:42:46'),
('7572ec1d1b3ef3107fb0a2f77d8a392133faa09bbd8a807d8beb82da69a0307e94b10cfb7b54efe6', '1d38acb834afce051aee25a59abc2d610dd4b169f1336a5c7acb1410c8e5f6111bda2fce46636bfa', 0, '2020-11-13 06:00:43'),
('7605a3c6ecd2d91c544991b85cfbde268983c344ffd3a2e89b402f5e43aaca818dacdc47855603c8', '1938100db7768bbf8d10b2386155a2b96590fe2934d711955ae78d23b77395c5964ff4694c9572cf', 0, '2021-01-24 09:43:12'),
('797bfc9ee39ed5eaea03578aaf315e457becfddd84641b66022d8d7688c9eb5ee6bf958f21369f5d', '2403af7a0d14de33e42834e4c1de772210cd67b794daf68a057707e31bb1f6fed1a7f4986edeaccd', 0, '2021-02-24 10:44:57'),
('79a31b488e80c78215841b5466e7ef6379400f40e1799d428c99d31b6f25e110075c8600762cff81', '1234d38b25af894005c874c2e3489b48b9fabd52b73e9b834e87e8d79ad20badf0fc5a5d902351c1', 0, '2021-03-09 10:04:25'),
('7c6614df1e5ebceafad48e24de7fbf351b8930a5579b155321e75c79f89d8661a5d8c23a77c3b8e0', 'db10b17c8c14902a6de83484b417bebbf6f6e5046cc6211487a2e8ac1004cd0cb0df096df005c3db', 0, '2020-11-17 09:09:23'),
('7de8b5e0f62452c7d906b23a41ec950d55e3662b777fa8556cb96c7a215198b2c72ac0b4ace3bb87', 'f449d0d416fad73c7fb87242aeb6f46f5f1db01c763749fe3e1e744059ba365f8331b3b5eb26ec0c', 0, '2020-10-30 15:42:34'),
('7e3aae6215f03aff2843d932f844ca991a3ec2185b75251ced9fc49c3033c81d953c9adf484778f0', '0f35656dc0aabc57b568c3e2f5dbe44f3ee48b991a1496e82ffefa8d6bb857a87181192ed6d0067f', 0, '2020-11-11 08:57:49'),
('7e5dc29182a6c5d1248048f4e075faa3eb8cf5dbad7ae87217aae78463b48ae1a6b2f5995ab334d7', 'cbd2cc61d35f8c1707e46c8f446e118f7444e68c77baacdc8c3d53ac6fd0c40eb40e0a437cf20509', 0, '2021-01-24 10:07:17'),
('7f7921615d30ed43fb23356372b02119df2f372a213a12a89e0b58184a6a40e80b665f187486287f', 'eb02c8793f21be2b07b221fe6335c36d375669630f8ef3eae7f0f92af4be445d8fb56866cd9b71ff', 0, '2020-11-13 12:43:15'),
('80ec94fd4b3c50d6ba9d4661195871cf5f61abf4cd2360bd096923ca93233812e8f85fc959097a82', '68c6d3f9d315bbba73b6cdef9373c5c8fbc3799388c7fa1f05dfbfce31604ce76a904c920df35d52', 0, '2020-11-24 12:28:01'),
('81b858ee196590b816bb817ae153b324d2994d53040e56f8fee8c6fbe3212ffd7a3b8301cb6e86d7', '2e58e370318d3fbfb87c1dd514f07d9738bd1caef6e72b321f6edc5b9861f1736aea2c2551a9ec26', 0, '2020-11-15 01:52:32'),
('83559de3555841b4332b00024b54b47323a055fd7664c2d7aed60fc58289d0eceaca03992b7e6b0f', 'fc6edccb1bf6176db308de84216f2e686b94044c8d1d499bb02f69518bb3b187cbdf65057bf643ec', 0, '2020-11-10 11:16:23'),
('868338971c801f91a2d6f0bb67542ee215e0e9b47aa6ec79eb2e4aa230d932b8c45b0e490f222628', '5ab0fcef7f30928f4cc34bed7ce9bacc2b0cb0b284cdd1e686646bc73634cb2d962fdc5b3c688040', 0, '2020-10-30 15:28:13'),
('86c4cb177d028132c2a157a0642be1a03e54954a1934ca423d3f5d817a88843bd7aa96ccd430e5de', 'c8df2cead5882c25303f8705b43e1bf1dee504ac2a00751f62e823df6ba2467abf98c0c2d09e492d', 0, '2020-10-30 15:17:06'),
('874735ce75a7cb9679d3c0f3f7f9087a04cf33b64895a39e58616bd26bf16a7a05d7810c7df7ce10', 'f713dbcc506701183a915e121e9a22b661d2f3bce72697493dbc7292c5ebc38f4152319eaa5d8667', 0, '2021-02-14 06:37:29'),
('879888d335e5ad2e040eead7baf3024fc0378dbbb2ff687c6bc5f4b4c746fa6f91463811407eb6b7', '03e18fd58e23d8bb94579de62ff212ebe53d33de24f7a10e9d21eca36edc11046466b3df15d826b9', 0, '2021-01-24 09:59:53'),
('8a19dccc09152a892d0ffb11b687fd754085fdbf0daedd7e0c115b017c28714187c8c9623d8b064e', '58e26a1f666e9d96fca89aeff7666de348035642e4652436d0ca50f4307c4d6a8ba0b24ae9153f87', 0, '2021-02-17 21:15:56'),
('8a221e5b3459e21eab7b6a051c7ae67f737e0388d2e9377fc6815bf10e8fc2b320dff415944a3f11', '5725067fed8ccd7521900eec11c130902e99eb72c482641a42a2929cb945f383003b1daa9a2e7cc9', 0, '2020-10-30 15:14:47'),
('8a5b5e742ac60942e2c83b1c4dfa5332fa8e0c97b811d65424bd3519e294277e511f03cf991dd8bc', 'ba661e01b0cc47aef3bde0928304bea826bcb68bf4eab5620d3def8a73a5bd54a312a5229b2834e3', 0, '2020-11-10 10:50:11'),
('8a63476673e620fa44bd80eb995a2057af32e6c2668be1e8d379f1feb8ee8616b3e95374e0f42e5b', '298508a36470d61e7d02c56becebdbc3dfad63a03fd98fb39859484b3e34762e3a78a1a505310b2c', 0, '2021-01-24 09:39:40'),
('8adbbd0f44a7bc66a8ebfdb6e64287284df9aeafb27469774f42b65bdc4ed9012a8480088e016740', '3565fbd5487a38c4a4a54f8535cf26c218e8e524da8b798382f8d69298510caee236d51029cf8cc0', 0, '2021-02-17 21:16:55'),
('8e19f53dfabb73074ef27c23bef5628420293359134bfa4475390980c54fb04a471817ef7bec1b3a', '927311fe1c72f6e47ad43351a5cabaf3e5fda831574c158300fcc31a45b7f7fc0a6e67b8c0fbc1e4', 0, '2021-02-18 10:41:21'),
('9080f7de1801a9569b409521d1a6dbb1b3df6952f31602227ec7d2029bd311baa343d8c11c42f793', '708fc54d72fcb9c16ee8b8065403262100cf5f31b39f1f6090bee061ab155f5b5a44867c19d556fa', 0, '2021-01-24 10:06:44'),
('9123ccdd861e2d5e3e3c98b6c0a743d1848e170fa2c4d4097a25314bc1629fd34100f75605f45718', '1d38288c592f44b20456afd6fd5cb39d84678df3cb32105ea84d0305a8e684429ef283e01fdf80cd', 0, '2021-03-01 11:41:33'),
('91c8d1fc1899d38ee348350762be08097c146b81f79e21975ada3cd00e7700e7db710a0e917be039', '8e585e38544eb5ee07b65206b6249cddd39e45006f83d7417d1900e46677012515eebde35a28e4d3', 0, '2020-10-30 15:25:14'),
('96bfe9c9d4ec486748f89650a7432444a461ef3c7d481755334d021c0e0f763118ef5f56e0cf1f18', '5d2943670fb85325d05fc7fb7c9d06a79b85a69a53549757f375953c4fb0effe70c81915d7e4897a', 0, '2020-11-24 04:41:57'),
('9966056f8bc6020ccab6c657101626f7453d063b011e8a18807c76442294005b2e3de31e9a94984c', '76053d587a911271b4c32dd995e622fb1b503f71c900c5cdb5d6b6db24b8a070d56d9c94b02bd45a', 0, '2021-01-24 09:38:31'),
('9afc7b75a102b23a65f13c952ef12f85ad1a887d9d1b9b2d030c2165904157a2f546c47c43a31579', 'eb23e8006e4f6bf8c9f230223d0586ecef6aa3329c7701de09e29c5988fece08e1791a10a210f216', 0, '2021-01-31 06:55:27'),
('9be2afab4baedf0cb44818e3b36083d7d08135e59944713e84074fb685c3c6d79eeb1acad183b71c', '55985f62efe3c28963b4148a7b7c74b6069d990aacfbe47e5b1f5641c2e3ac6942191e7675639945', 0, '2021-01-24 09:37:46'),
('9c795843311ed4a7fc22e9a47b8c995ba16273a96d2d0443501d9394432ccd5a968db6ab13c5c1e8', 'fd6f84841769de8278c958ae0fbfbc53ab8de304fa89339a26b340861931f495b9fa50a77be51f0d', 0, '2020-10-30 15:38:54'),
('9c7cd5fcf7b6b9329ada7cc7e5c20be61029470354d5a6d32894096fcd092275cf48fde352c2d826', '6be601672a7308d31b38e6086b146c7267d43c748c2d4b77c8bf74763b8bd7ffc2058c88d638b769', 0, '2021-02-15 14:47:47'),
('9d524af858c59a3dcfddb04aed6afec034e08016bfc1faeaeb4094dbc5bb7671570e2a6af7e58d3b', '4562cb612e1ca4cf30751b55a564e9f900fc94936aadc8262240b239b6c2c2851a4f12bf0de397c8', 0, '2021-02-25 07:32:43'),
('a1958f9afa0c2aef82b3dc371722325b943a16b6b340ae721dcb4e4366d1e667433693071a646fcc', '3966bf9a49c5bc886a8333af277d043c8dbf827a5fe208fe2598fed26c2daa6cbf465c4fe4db3518', 0, '2020-11-17 14:09:55'),
('a2c78d320c85cd441b95d875329e8a5152c429998df330ee33fd7f5a1fd6b948813070b05398c8dd', 'a3be84bb200e911398e07d2ef09a7ae9793efa6cb406dec898dab0151333d990cc0816b178577788', 0, '2021-03-03 08:48:17'),
('a5c67df88bbef2a29d3da307428551a19e3729f5321e6559c958914e0ca2027cdbbc7c10ea8ec041', '29cf69ddd4e1c638f05761e397e701d394a4a33d77dd42ccc83a29250f331e7d858b3d4352ab0307', 0, '2020-11-09 07:14:11'),
('a6ad8cb1cb5a1c47c653c54da56d1a0edf5592f6de70cf8306b4efa6c71fe9af275ac0592f9f9c8f', 'b4cd33f8cebf776c6a54d43c214c2232b8554ab777620e90db372ebbf69a913165176ada26df0a3c', 0, '2020-10-28 11:52:11'),
('a76c4a8e488cf6e350f1629fc78c67258b55f69d3a92d288eafd9e1b6ba03c268c60240c81f98b3e', '2b68425fc1d3c6684e61288b26da6d541b2afff6b81868117d6e7972f5698efe84be29acc5c01aa7', 0, '2020-11-24 04:41:56'),
('a9e1bf5dc0cd2aca35e39fcc76247bb569dafc038e003c05f51c5d3d48e30f52730210aa5a44c0cd', '507500b526e062b5dd262d162e82887630cc291667d181aa8765a4a71beacdab210849e317b3133d', 0, '2020-11-24 04:41:56'),
('aac1d2c9e53f45421ba8d6544f3668068f79f165d7b436cf6a226be3120e4d9a0772d52f5bb24b3d', '6de633e768538a17b44126d52300ef2833b567820d96696abf88a60963d458fa4980aea646814497', 0, '2020-10-30 15:13:08'),
('ab873bf352b2ef15c12711cf02e21dc58089133e4626b2f11b2343b47fcbe9114aae04e437c33220', '21b86dd3f707164906f25fa04ee702a3f216c22e971406e6339f203bd8759094340008ff509966ab', 0, '2021-03-08 16:56:53'),
('abc0b45b6f27e113ddc1fe8582ced66f54241b6307055543cb5db094e5d16d8af9a0f6aab8ec9f02', 'f51a94ec687109ff1f1c511f47b4b1e63790eaab8701e2677fa5846ddea10a1bfe89637629dea615', 0, '2021-02-24 11:01:15'),
('ad8de0dca94fd00dc0829b1482205c760e57dcd30bbfd092512fb1e2a711ff79887a8817e8ad3785', 'cecaff3abd36cd6257184a920d3ab915bfd48d1ed8f015e915b0c668f78bd4aa4e3eb7ee3c3a04c7', 0, '2021-02-13 09:16:34'),
('ad94e69803c6ca15133695aab3af1728eb100207399b9f5a5b8027524deff64afa27317495a0a646', '18069d3185970a5586f9db6eb7aace20af252c80aff48940e3e2b445a77a1e049893d77ad72a2740', 0, '2020-11-25 13:15:09'),
('ae685692fe59789a121a5349d8ac87e73beb3bc4746fa03c63b39f707e423c3a64ffdb6c0475b595', 'ae602508822db9a942af70f482c1fe2d8945e440fda49b39d0b78170764260b277e82b8e9ce34477', 0, '2021-02-23 09:49:35'),
('afce0b954ddb8ce755c625ffc1e3b1accc9c530afeb7e80f5c44a5b60c38d609e0da99824a2d664c', '47b5675c6dad7c59bc882861b0b92dc3502f696671c9196b4f31c2f796e7d17d4d7c7ba04b6eb0ac', 0, '2021-03-06 08:02:49'),
('b2f65da08788daa1bd826f7ddc8639f06f1aae8f1d4749a65957f091554e8e9e7dd7b84875189302', 'f870baf943c303fddabfe7ec4afee9141d7858bca7ffa39d3a597931c12e8c41e747a8449f93d4e0', 0, '2020-11-10 07:15:11'),
('b333bf002e0239bc821853e4597ca592ffd830ca741c9f332cff72cfc738722ca4f3258ad6673c81', '1f448f81841cb72084dd29ccaf856a99ad00e8de8b43bdc5ccd93a4294a9bf341baa74982a36964e', 0, '2020-11-26 08:59:14'),
('b37b3e74c2ed59e0acc8b884ba6065435ce841616190c86b16451f837b1f07d62e2001680175eeb0', 'd0108944dd8c0b002c920c4d72fd00b3bb9344d6925412b473f4310a78a80af3f2c4f5e24c039b0b', 0, '2021-01-29 13:26:14'),
('b4403ea1ecc0602ee3d2e8531ef1facabe474ce95001f1afeafcbed3b356d499b9d5e150a07b1764', '94657ff46fe4354a510de0db1a60608271b94fdfe88edb856f9b7f4cae2d17a375cce8c8d068d82c', 0, '2020-11-24 04:41:57'),
('b488540bd34e39b226133c5fa4078fdc637a5f10ecc1f902ea80d05c036fcc78cff40a6cdd965784', '6bd4f59beaf86ecee68770f11a0b93fde899d97c0b2dc3faa9edeb331ba96b4d956c2809f40c7ac1', 0, '2020-10-30 15:45:36'),
('b50ac8928164f4458c1659af44ee1ddcc0f265d6a6cd5053e2e1122325674641873d9cf9361bf5fa', 'e440f387b5d28e03d3c05dbb0d947e9a064e414c72e0b92103c3f992a25bef78ad3b7bf6912a951d', 0, '2020-11-12 09:26:53'),
('b6e985f4f6d0cbbd35567836d93a10dcc4bacdbb7f51ccd8afe6887c879325eb31b3a9a6f8c0efb7', '270377756b4d12a7ab3c8486603deb36f80ca3899df5558553b0df50a07418f3c342e4083124f424', 0, '2021-02-25 07:37:20'),
('b6fa0c7ff2d8b54c2432772c0fff00e0617906d97177e0b0c71942da2300f65fd191271ad19e4dff', '4ed8ff010cfdac4dcf942177b2fcc967c6fed6eb55ca784c233cb56689b8fa96aab74db3e70aca93', 0, '2020-11-17 15:07:39'),
('b756a5fd3201579cd23f5c873b554cdf1c01b620e187ab58c1351d781969a93c4200dc1e7b80444d', '73c509ea69f46e6f291b709189289e1f0f0a061b1c95fca4bc0d03439bb8b75695495078943a1c04', 0, '2021-02-13 09:16:46'),
('b86710cbb509d6305da35b6817616ac3d92d9fb740f276dc86849f9fe62b97536e1dba97f38769d1', '73943ddaef1e71e3b5c5d5b50b16be18c0f53a97aad0b9ea9c8c9009601bcfeb35321836ae74cf3a', 0, '2021-03-08 14:16:59'),
('b973acf24f685cfbb59f1666016a38f6256881793a1d716c2cd3fd89c18f1f07c1954a2705563e0d', '2c69fa1329e5e8af150b466315adc9556d855a3c6e8657940a489683bb798d83bf5177106db6244c', 0, '2020-10-30 15:26:30'),
('bb4e4183c2a0a1f7f0a7b1dbbacbf8d018db4834ed9b9d6128898a5500f1faa23af8b8b037e9fd03', 'af3f496ac35b48e8ab5f41473769e968e23a4445929d856fa5395a15b9fef1140b021a9b06fd5480', 0, '2021-02-13 09:14:13'),
('bc8c6256f715117c732ff36c7ef3797915e640719807e7437a2da259d99562e59237d6ee9a04620d', 'd6920736d2db48361ffddf7dc7ceb9dff2517f9cd50f61094486525a2c14ec382a0e45eb346684f4', 0, '2020-10-30 15:39:33'),
('bd644a1a94f9caa6039791eca9531485c2a3b983b4f98632c13f719b0f9afefa28edd7197b2b1f0e', 'ff50c25111eb4c8a6f91ee4aaaf99a8f4e41551ae2454172d7c9e21dd8f3c740caf847eddbb67cce', 0, '2021-03-03 08:54:38'),
('bd96a58ca0d27eeddf923013215a1767a09bf265065ca3d0ba9335997ada20c227367eab3145cc75', '6f03aa147e83c4ccc8fdad55d250f59ed18fe4b03c8bd49704aa5dc20d04eadd6442b364a22f73de', 0, '2020-11-15 05:57:26'),
('c0af182f86afaf8f30345628bb172aec9f0750e168f4456c928a55888e7707c6840b58fa060ea296', '89cc9c9e9bfb4b91af5bb737a08682c08052ebd7a5ed549294574868d3c2a8dacb8a7d8bdde8cee0', 0, '2021-03-01 12:17:17'),
('c14ccf98d83e71398de7e409b8f4697f5a8fd18bac987d778a2df8dfe05319671a53c9f5cc3de304', '0acf94609ac73f7a96c0ecf21a105e3f74631c82a3f19601c717d50b7a2c90cfd2cbb378125d08fe', 0, '2020-12-01 12:34:31'),
('c177cbac06953d9e5b897a22311ae8f8adca084a07a4445272a03b7482dd8f9d2eff983bc6546b69', 'd81c49eafa4c795fda351a5815fbb8daa49d1e0e82197ea9a042b6495d7041d6228bd41dddb49649', 0, '2021-03-01 08:51:00'),
('c3a3f69da06bc7449f88d9094a60df0429ab6a2a6671739a349c45ce7fb26508f577f581e39875ae', '14467e62ea274addbba1956238b8ece2772d7211d798d79542abe9e727503b621cecee6a47967e1c', 0, '2020-11-12 10:02:20'),
('c7963eea2a14e9778845f58b4fb5d3626e8e4e632e9d7d2439791713cfbe55efbbc271e6e2290025', '69beb8fed46b710320ce34ae5c8b3fb14291a9cafd43aa90f3736bfd10ec248b2ca35a239b14fb84', 0, '2020-10-30 12:46:49'),
('c89b3d1cf27a5a6ae01e89b61215bc47af0e9fb2a11c9de4c48332db6992a2c6c27e1038f12241a6', '4ac2131a2db6817de5caa4b4a7039fcdc699275aa2069b9ec037677f40300fcd7b8f8f2186d3926d', 0, '2020-11-17 05:42:42'),
('cb0450194bfc23f59524471052d302cc636018cb1977112f69bc5a0efc4ac55374ab3dc9dd4cc506', 'ec744acc3cb7c323ce2938543e12cc6ca5d9111f553b6903172a3f8e0ac9bf2d1c36c8842e8f534c', 0, '2020-10-30 15:32:17'),
('cb3594237722091f433087d0e8d3d963682180050cf0e1c8d2feb8df2d29bd5ada7fd37be82a6d23', '986c8f7924147388217c13123b4a8bb5d0454282099ade968392d67086cb4e9f001fd8ae33fce470', 0, '2021-03-01 12:18:21'),
('cc1680bd1400a3a10cbf38a994ddf782dea74f74da61160531daf5a915a336a205cbb062d07bac6e', '940886f4400b06c7b099171435ac1ddc7257fab3f9d08ac091543fc9233579c03403d9d63801af10', 0, '2020-10-30 15:27:18'),
('cc99e84d29d5de6c8e3e952dd514b9670c9714ff158bfad2a7d9e2157e42a20ea65bc5d64b687cc2', 'd65cf76a7867d3430372ae47f02a20e02bc53cd092c22c4ad3ed8996c4e8a8a43d1bb53605372c95', 0, '2020-11-24 04:41:56'),
('ccb7fb6f1c24b117e7c8d5150674ee86271ae8377a89d36e3e77291760869ffa59efb20240ca8d75', '893c2b0abfab0cd97f9a1a47f84bdd85ecb66be69b92c4fbdaa23114cf2427176016beeda1957f74', 0, '2020-12-01 08:48:20'),
('ccf317867b788e9947887b3a7f8caca24ce13addba64d3f62b4d052d9b863d63a57ee2d7a4155e4f', '1fc29958e56865334a84d774b53709d367214a29e14070608432aa8c54eecead82f5441f7f4f2ff8', 0, '2020-11-09 08:10:12'),
('cd78e189a97bf78264c0a69787caf927361772b4275930b0c86b5d1b26c07603a78e5c13e660f5a3', '26b51b18db038f4a0182acb9c5e25f0703e5b8d235261c91a19d71b53b2bd5b5c2583b0498d2ee97', 0, '2020-10-30 15:08:42'),
('cf63b6ad19159a2057914086352f03c34f0fb28f6581e9810eae0f3cc2772fccd05fb7e21a13a857', 'a344be892dd469c531d6a62264da320fa104d03dc7f089981abab50a2563897f913bda52acfb98b2', 0, '2021-03-01 11:27:19'),
('d0382b103a5647546fce61b772e9302b8153fe396e73704599618028bf6a731a0a9bdbaeaaab493d', 'c991e678ca9ddc4f4927aae45daa8c10ceed7c74694ef662a59f6a46e7afdb92306295604bf75636', 0, '2021-03-08 15:25:16'),
('d19b2864812a01260f9be8e59db26d69bf032cad233ee256dabd16fd472c55d5a806f668555b6109', 'e6c664d476200976401e44ff267f596667d625b393755177de1303e4838f41bf4196bcc0538a6cd4', 0, '2021-02-15 14:44:45'),
('d19e6406c050d70f06f200b0ba4645ab3dd3c0208dbc95631967634154a84f7fd87984af7474f3fa', '64e28024169a69c03db917c9c6bb05d210200ae6bd0a69fcbdecb7f822a3aa4fd7c6abbd99724ef8', 0, '2021-01-24 09:59:05'),
('d34c5a9f1ea8def225e4cff76227c0a7ca4f586a153706bc82c3dab65d8414a2f73d085cb5498e7a', '42ca5831fd7f928f89d29580f00e4bbb74d6bdef9c8c108cc404fc4a2bf7e45a41b4470f84e189c6', 0, '2021-01-24 09:37:08'),
('d6c5d3b6e78bc1ef3f701d014121c1181c6858d93b252c7ad192110f18a50bd3951741c0eff5cdb4', 'a3f45897cb861f1f08f68df1a3d34f3f4435eca3e0629120d003cf5efaa6b71229612fb42c8f1ddb', 0, '2021-03-01 12:29:45'),
('d9cdf3b30d585ca838446029697dfda76368e802515958df97c8da69ef3eb1a6dac4213ae5e47d94', 'b9c34136f7946705442c0cb80e1c575e1fb620a2180e2584f5034e09780259860eb7536f39c6b284', 0, '2020-11-24 06:13:13'),
('dade913f021a4cd330cdcfb18764f5e1290dadfb7ed21ed97d09d5a5737c910f30d5435602c45f60', '83a231c5a0bb0b2a687a4578fdc408227ce65ae8a16d423c0ef007b3dde60a0ed95edb576cea1080', 0, '2021-03-01 11:40:53'),
('dd1c6cbfb2ff187d0431143d39937e2bf9cd87da6bd5bb67deef4454e6b0bdd754fb27e1a5316970', '611541fbd1ad8d1781f8e082dc1d0351940254537def5b6144096de905d4f2b669179405ae29874c', 0, '2021-02-01 14:27:29'),
('dd21e135342e8233bac72ccf3980be0083c4b83206439797590810a4c05e013cdd8c425c0260b2b6', '15cb83e82601e212d460fba80bda717fcc9f752e8b8b2ecf230700271e922fc2d2eb9df73b6a4cb3', 0, '2020-11-01 12:28:36'),
('ddbcfe5db4e7f5e56050af590af932c123337b496294e342d3ae1af7750a7744888be290553a74a2', 'fe852796ccf1be22559ed51cbf0e5f0360d97068b873b9f1fd37b462f2d9c316640601ad64730a81', 0, '2021-03-03 07:17:18'),
('df364eba594614f57848147a8fc50ee31447e10fb00e4715306a13bca8d6be3fc3f5fd42debafa9c', 'afb286f1cf261c3a390f39802417f7662f2ed779efc68647c71c03dfbb974749f028d822f447a1e7', 0, '2020-11-01 12:29:04'),
('e104bc2f678176c876fc895760049747de24642ee15213381546b9c17616fde76fcde44e0380f3e0', 'e058d689a138739fac9f04bdc2f213e99b405d5fa5411ffaf2f7eff9b85d4891d7eac9bef3ffb7fd', 0, '2020-10-30 15:28:36'),
('e11a196b65ea1419dc08544133a01c81f211217b913c653ae7d786fd11e636478174405554e9f922', 'a57d08ed815d955a3a47b9e9d5a6982148e96421d5f3bc51e9e710d0f9a8fdd2a9cecebe7473bd1e', 0, '2021-01-24 09:59:18'),
('e1484dae8a0d6150346a0f31ef913d7fae65287eb131db1c2f5a000739e3dfafa0aad31339207ba4', '652ed804e71c37859f6e4f0d9aae8cec3cf4cc49f7cf49be94695c21b708882cba51af920f533c54', 0, '2020-10-30 15:25:49'),
('e246188184ba29c9a9f8d1272c9c78254da1bdf274aa479d7a1ba93cddab8282b8470ba5f51818b5', 'c7aadb3f15f6c2a7dcccff12e61e4abd8bd9c223679006a5e916b1595e1a815d855bd477e137c169', 0, '2021-02-23 15:44:06'),
('e29547673042d6b988f1dac85894a3a8e5e8e6db29a6bb280e437e0d4dbb21e259fcd63a4b0c1cbb', 'e8d8acaabfb861b7e1ef60ee2fd054aca688d1c1c379a331a2e71fdd4fd78c9de511f566ecbe1bd4', 0, '2021-01-25 00:22:42'),
('e2d8b8e60f1b13c7a1ee275d2c1c24f10c1b9e9db7550ae946de06b94f7b6bf9dd2e41180752e2dc', 'e414ce02cd2b54c857c2c227ec19263cdc854439d5a3c2975d4840b86204230c4934aeda7fb754b0', 0, '2020-11-21 10:09:57'),
('e30b1a1292c6853f0d93daba083646dae3efca61cb106089847e3c3587d17f29c7a9eba77199072f', '2fed034e612c2125d098e291e91385df03555ecdb24522aaa0ac8d85295a9bb5f0013a5846cd868a', 0, '2020-11-13 15:38:20'),
('e35061e74c9e5a1d6ffb7c88c638316af1d6026eae7819047a0fb3c2ad667418780425aa82af7f04', '3af6c738ec875b1fe6ad91771fadb1cdcd3ff66925803373e6e09e1ccefd85317d709a1f648450d9', 0, '2020-11-16 05:16:03'),
('e3579ddb56cc43325253a92dd9ebd2bd3c62572a0a16f83ecc7a339afe6ae4b55fb3e72edb432ace', 'ff29f02d9c7b8ad26180561b53c2542bb0649a4f406c547062e7d80aa456ae9a6c9068e92ea19914', 0, '2020-11-18 16:47:18'),
('e384db37df152ca9cb595a4f76e698ab06bdfbf6a34703b175a2b9be3888c95943927a953810cd0a', '5080e739dc460d5e9d07c542f1f177229787c4c025915f070ac31ed4f2149db2ceb21bc75cc899ab', 0, '2020-10-30 15:24:17'),
('e469ce1513f7d782bd2991b46a05db1a58368beaeb32caa59b1a9685aaa71f8c325a1d758e737cc0', 'd89033ea28a662a946a1df89edae8a0b788256f02e1a235994dcf85f05fbf9ffe4c208ad4947d1d0', 0, '2021-03-01 11:35:55'),
('e5ce586c5b632fb50a98d24dbb3f627383ebaaa0ac48b9e3de8b8030dc2caa3511569f72e06c2274', '51817e35ff3f1376e55180171e8e6fbc107d1168fb8bebe47d8bc5d18301ce185dff8c13ccac816f', 0, '2021-03-06 13:14:51'),
('e85fe50a05c7ca360795640ab251ee0ad6a49447555a4804550a37890d1e93bf5a7d71576c67fa7c', 'd45906a50ff4753ebd7f21644ed3b1d3c4ffcaf016bd72dcc52fbfa07f97decc02bfa6b361c19dbc', 0, '2020-11-21 10:11:57'),
('ea38be1e8e6c479271cc0877d9b1b3861854f40cbfb4af6d6dd61f603614154a9902c194be60b68c', 'eadef967a6613b59ab8cd60516deb271ab1fe7053d5db09e7d5b8ab32b1c98ecbfab014c2ff5b658', 0, '2021-02-24 10:25:55'),
('eb69f6859d1fd01c1b904940dd66d7ac69ae340f29cd842755a2732490a5d4460196bbb5f9c0ce7e', '7d807e9692826360d9398894a0631ade0f5d1072e17c1750c0ee6ba7cd984e96301b9e0088e8d884', 0, '2021-03-08 16:57:35'),
('ec1695c951c8ab8f1c19623b7452a96fb284560d4f046f0944b0d13bac02137b65c3b1c8f3f799ea', 'f447d8aad2c2539d585d0e03d13e189a4f7a324e2b7f1d61dd8398e786701319f38aab21ff918465', 0, '2020-11-09 09:52:39'),
('ec305164fff73f778c29ab7ce16c1c602515c366895992271412aa92ee0cdf6808deac7ce230f18c', '343f457bfa26a751e98e510d62cdae0395a95935fbae3d304cc168ace6f4ac32f84fe3edc0416e0b', 0, '2021-02-27 07:56:22'),
('ee0c9a740e98e4fc864e9aa981fe18249ab2f6510ef1053131384f45cf7c2fbd4a38f89f6f4ddab9', '99e7bb2504a31bd231ab336515ddc72b15964212b4d647276e800d1d689b9bd5a60f6598b7ac8599', 0, '2020-11-02 07:12:14'),
('eeb0db55edcdff6fae4fc8bb778d52faab669672a577d1a93f76d5d81d929d362cb8807a5659622d', 'fd2b81b67a96e12ad736524ad86c87183cf3bc7a22f9170160642279f4ef353562ff42060bc6f426', 0, '2020-10-30 15:16:26'),
('ef9bfe1095cff9c639af8dfde577d4c73ce6f1aadd84c1849b16cfd89d81b3b48b638507188260c0', 'e2ca124262e716e12c2fcd4a3d591c0a2b9f5570fc1eb3cb26ee82ba635636432404de8176e40595', 0, '2021-01-24 10:00:30'),
('f12644c53b1aec3aedd3b7962b3faae634ca29f032c9eec68d5aa94b4e267fbbfd9870aada4374b6', 'bc821a3ad904358942dd2da4ba42ea0fcd8af9e94ea3391ee714e12ef68994a8f77047e5e77215d5', 0, '2021-02-06 09:37:54'),
('f30e8ce8f1e4155a78d859886b6f4a2571e9177131ad8a6a0f3b5ae0283ecd6cb8d379ac82207146', '5451af5d2c318d85c874fc969e450cc8415f9ec91bede57402ac37eae0ed39723fa68e597263765c', 0, '2021-02-13 09:16:57'),
('f390a49783268b58b16c11524abcf531e9912ad6f1cc630bb561a2db9b9c0ba58ddfb3daebd74734', '778865badc8ec6673c894fa038227a28119d1a8e31fb108c4bb88a5ab2d3f047ae02a093696984c9', 0, '2020-10-30 15:18:47'),
('f4fe6fefbc557c3e024b013513f86acf82be48c0b7259df1f5404cb838205c08efa844e0524e212b', 'fdb7b05b4d1ee361065e389e6d23e69cc2a4e6f48f5fce1152d493350e54740fcc2d82f0c64afe07', 0, '2021-03-03 05:56:04'),
('f52bb07f26fa9f15501ce55de56c10f8c1715b434ce13ac0fddb6a1cb5d2f53422ced74be18462ee', '5b76a38291d3b0de7cf749ce100d41f3cfd6663da922af5199ef0a7b240ea5210f8242f31eb1079c', 0, '2020-11-15 09:12:57'),
('f623786f9b5123f2a917496bbe46ac00116333f080763ed0d070d06d02c9f7a5b5dabe7014acdd82', 'c5a67cd1f05538a7b62b04abe8ac2efd9fda351fb5f601b7ca5343bb2f6363718c119d69603a9b2a', 0, '2020-11-24 10:13:02'),
('f63e69c5c09fa86897afc1fe6d4e22217ebc75e898593f734fa24b24afaee68e0a72b1879142d047', '7901f4d64473e388fb75966f82cf2b4820c6dbf72a74f40ea6d1badac3b7167d35784ef3da9c8e26', 0, '2021-02-21 12:40:20'),
('f65c7c8f6da97af3be0d9e8105ffedec1360b9ff3f703d0a1dc7e9b38dedad8fe5c8fa3863787e7a', '92f3a39aa8bd22a8d9929a2e99c68594dfa02f483d66b1aa5e4495005d94cf86e7cd3d54cef46eea', 0, '2021-02-24 10:14:28'),
('f71b23cb41405b9167e1e2541db4dc6337c9ce450a769b9551b1793c1d42f2189de1a84fa9f6e1a9', 'e57ac946ef4beffa051b71e457885d96d4f6ea86b7bf1950348b1ee1b5b1c0aa360502ccfecba98c', 0, '2020-11-24 10:38:20'),
('f7e41d5a43279785da9f29d7e55e4619f4688e04191a9d6d71e1f6fec3064d07504f1684dc527112', '295bdb3c6a4c2c9449226c07d584b8545051a9ce272e3f457c7e7f3c002bb7d3eb7d734f752ef2d0', 0, '2020-10-30 15:16:33'),
('fb7501ec84207d59d9816d80959addd659fc104b9927a2101f01cd47a6f478b05bf61dc40f8336c2', 'bd7d64bfa9d686ddb6c5e737272ad3f4745f28160b6ed098fdea792c5a62afa29a9e0b5d75463f79', 0, '2021-03-09 10:10:40'),
('fcc8812365775d79520d38c749632089816c641ee429bb364f856005bf65d1af7be56bb72222af6d', '682147debec91413b7acf3db87c63797bacc152c952a4dab7041d15449d76f620fa75b92346a3366', 0, '2020-10-30 15:26:36');

-- --------------------------------------------------------

--
-- Table structure for table `orders`
--

CREATE TABLE `orders` (
  `order_id` int(11) NOT NULL,
  `ordered_by_user_id` int(11) NOT NULL,
  `ordered_to_user_id` int(11) NOT NULL,
  `description` longtext,
  `prescription_path` varchar(255) DEFAULT NULL,
  `allow_vendor_to_modify` int(1) NOT NULL DEFAULT '0',
  `status` enum('PENDING','DELIVERED','CANCELLED','PROCESSING','RETURN_REQUESTED_BY_CUSTOMER','RETURN_REQUEST_ACCEPTED_BY_VENDOR') NOT NULL DEFAULT 'PENDING',
  `status_desc` text,
  `reason_to_return` text,
  `is_deleted` int(11) NOT NULL DEFAULT '0',
  `created_at` timestamp NOT NULL DEFAULT CURRENT_TIMESTAMP,
  `updated_at` timestamp NULL DEFAULT NULL,
  `deleted_at` timestamp NULL DEFAULT NULL
) ENGINE=InnoDB DEFAULT CHARSET=latin1;

--
-- Dumping data for table `orders`
--

INSERT INTO `orders` (`order_id`, `ordered_by_user_id`, `ordered_to_user_id`, `description`, `prescription_path`, `allow_vendor_to_modify`, `status`, `status_desc`, `reason_to_return`, `is_deleted`, `created_at`, `updated_at`, `deleted_at`) VALUES
(3, 2, 1, NULL, NULL, 0, 'DELIVERED', 'sent', NULL, 0, '2020-02-06 06:11:17', '2020-02-21 06:48:17', NULL),
(7, 5, 2, NULL, '14-02-2020__07:38:50 AM__32548.jpeg', 0, 'PENDING', NULL, NULL, 0, '2020-02-14 02:08:50', '2020-02-14 02:08:50', NULL),
(8, 2, 1, NULL, NULL, 0, 'PENDING', NULL, NULL, 0, '2020-02-18 05:24:29', '2020-02-18 05:28:59', NULL),
(9, 2, 1, NULL, NULL, 0, 'PENDING', NULL, NULL, 0, '2020-02-23 04:20:34', '2020-02-23 04:20:34', NULL),
(10, 5, 2, NULL, '23-02-2020__03:47:06 PM__11869.png', 1, 'PENDING', NULL, NULL, 0, '2020-02-23 10:17:06', '2020-02-23 10:34:18', NULL),
(11, 5, 2, NULL, '24-02-2020__10:35:24 AM__19700.png', 1, 'PROCESSING', 'please wait', NULL, 0, '2020-02-24 04:58:06', '2020-02-25 02:06:48', NULL),
(12, 2, 1, NULL, '24-02-2020__10:46:19 AM__46439.png', 0, 'RETURN_REQUEST_ACCEPTED_BY_VENDOR', NULL, 'returnng this order', 0, '2020-02-24 05:16:19', '2020-03-08 11:27:44', NULL),
(13, 5, 2, NULL, NULL, 0, 'PENDING', NULL, NULL, 0, '2020-02-25 02:16:07', '2020-02-25 02:16:07', NULL),
(14, 5, 2, NULL, NULL, 0, 'PENDING', NULL, NULL, 0, '2020-02-25 02:16:29', '2020-02-25 02:16:29', NULL),
(15, 5, 2, NULL, NULL, 0, 'PENDING', NULL, NULL, 0, '2020-02-25 02:17:03', '2020-02-25 02:17:03', NULL),
(16, 5, 2, NULL, NULL, 0, 'PENDING', NULL, NULL, 0, '2020-02-25 02:17:24', '2020-02-25 02:17:24', NULL),
(17, 5, 2, NULL, NULL, 0, 'PENDING', NULL, NULL, 0, '2020-02-25 02:18:03', '2020-02-25 02:18:03', NULL),
(18, 5, 2, NULL, NULL, 0, 'PENDING', NULL, NULL, 0, '2020-02-25 02:18:12', '2020-02-25 02:18:12', NULL),
(19, 5, 2, NULL, '29-02-2020__11:39:44 AM__55875.png', 1, 'DELIVERED', 'Customer order delivered', NULL, 0, '2020-02-25 02:18:16', '2020-02-29 06:10:42', NULL),
(20, 5, 2, NULL, '03-03-2020__08:51:06__AM__312.jpeg', 1, 'PENDING', NULL, NULL, 0, '2020-03-03 00:44:28', '2020-03-03 03:21:06', NULL),
(21, 5, 2, NULL, NULL, 0, 'RETURN_REQUEST_ACCEPTED_BY_VENDOR', NULL, NULL, 0, '2020-03-06 07:36:37', '2020-03-08 11:23:28', NULL);

-- --------------------------------------------------------

--
-- Table structure for table `order_items`
--

CREATE TABLE `order_items` (
  `order_item_id` int(11) NOT NULL,
  `order_id` int(11) NOT NULL,
  `stock_id` int(11) DEFAULT NULL,
  `stock_item_id` int(11) DEFAULT NULL,
  `product_id` int(11) NOT NULL,
  `qty` int(11) NOT NULL,
  `price_per` float(11,2) NOT NULL DEFAULT '0.00',
  `description` longtext,
  `status` enum('PENDING','DELIVERED','CANCELLED','PROCESSING','RETURN_REQUESTED_BY_CUSTOMER','RETURN_REQUEST_ACCEPTED_BY_VENDOR') NOT NULL,
  `status_desc` text,
  `reason_to_return` text,
  `is_deleted` int(1) NOT NULL DEFAULT '0',
  `created_at` timestamp NOT NULL DEFAULT CURRENT_TIMESTAMP,
  `updated_at` timestamp NULL DEFAULT NULL,
  `deleted_at` timestamp NULL DEFAULT NULL
) ENGINE=InnoDB DEFAULT CHARSET=latin1;

--
-- Dumping data for table `order_items`
--

INSERT INTO `order_items` (`order_item_id`, `order_id`, `stock_id`, `stock_item_id`, `product_id`, `qty`, `price_per`, `description`, `status`, `status_desc`, `reason_to_return`, `is_deleted`, `created_at`, `updated_at`, `deleted_at`) VALUES
(5, 3, NULL, NULL, 2, 2, 25.00, NULL, 'PENDING', NULL, NULL, 0, '2020-02-06 06:11:17', '2020-02-06 06:29:51', NULL),
(6, 3, NULL, NULL, 28, 1, 36.00, NULL, 'PENDING', NULL, NULL, 0, '2020-02-06 06:11:17', '2020-02-06 06:29:51', NULL),
(7, 3, NULL, NULL, 2, 3, 25.00, NULL, 'PENDING', NULL, NULL, 0, '2020-02-06 06:25:05', '2020-02-06 06:29:51', NULL),
(9, 7, 25, 20, 28, 5, 36.00, NULL, 'PENDING', NULL, NULL, 0, '2020-02-14 02:08:50', '2020-02-14 02:08:50', NULL),
(10, 8, 24, 17, 2, 1, 4.00, NULL, 'PENDING', NULL, NULL, 0, '2020-02-18 05:24:30', '2020-02-18 05:24:30', NULL),
(11, 8, 24, 18, 30, 1, 40.00, NULL, 'PENDING', NULL, NULL, 0, '2020-02-18 05:24:30', '2020-02-18 05:24:30', NULL),
(12, 9, 24, 17, 2, 3, 4.00, NULL, 'PENDING', NULL, NULL, 0, '2020-02-23 04:20:34', '2020-02-23 04:20:34', NULL),
(13, 9, 24, 18, 30, 1, 40.00, NULL, 'PENDING', NULL, NULL, 0, '2020-02-23 04:20:34', '2020-02-23 04:20:34', NULL),
(14, 10, 24, 18, 30, 1, 40.00, NULL, 'PENDING', NULL, NULL, 0, '2020-02-23 10:30:36', '2020-02-23 10:30:36', NULL),
(15, 10, 24, 17, 2, 2, 4.00, NULL, 'PENDING', NULL, NULL, 0, '2020-02-23 10:30:36', '2020-02-23 10:30:36', NULL),
(16, 11, 25, 20, 28, 2, 36.00, NULL, 'PENDING', NULL, NULL, 0, '2020-02-24 05:11:05', '2020-02-24 05:11:05', NULL),
(17, 12, 24, 18, 30, 1, 40.00, NULL, 'PENDING', NULL, NULL, 1, '2020-02-24 05:40:48', '2020-03-09 04:40:59', NULL),
(18, 13, 25, 20, 28, 2, 36.00, NULL, 'PENDING', NULL, NULL, 0, '2020-02-25 02:16:07', '2020-02-25 02:16:07', NULL),
(19, 14, 25, 20, 28, 2, 36.00, NULL, 'PENDING', NULL, NULL, 0, '2020-02-25 02:16:29', '2020-02-25 02:16:29', NULL),
(20, 15, 25, 20, 28, 2, 36.00, NULL, 'PENDING', NULL, NULL, 0, '2020-02-25 02:17:03', '2020-02-25 02:17:03', NULL),
(21, 16, 25, 20, 28, 1, 36.00, NULL, 'PENDING', NULL, NULL, 0, '2020-02-25 02:17:24', '2020-02-25 02:17:24', NULL),
(22, 17, 25, 20, 28, 1, 36.00, NULL, 'PENDING', NULL, NULL, 0, '2020-02-25 02:18:03', '2020-02-25 02:18:03', NULL),
(23, 18, 25, 20, 28, 1, 36.00, NULL, 'PENDING', NULL, NULL, 0, '2020-02-25 02:18:12', '2020-02-25 02:18:12', NULL),
(24, 19, 25, 20, 28, 1, 36.00, NULL, 'PENDING', NULL, NULL, 0, '2020-02-25 02:18:16', '2020-02-25 02:18:16', NULL),
(25, 20, 25, 20, 28, 3, 36.00, NULL, 'RETURN_REQUEST_ACCEPTED_BY_VENDOR', NULL, NULL, 0, '2020-03-03 00:44:28', '2020-03-08 10:49:25', NULL),
(26, 20, 25, 19, 2, 2, 25.00, NULL, 'PENDING', NULL, NULL, 0, '2020-03-03 00:44:44', '2020-03-03 00:44:44', NULL),
(27, 12, 28, 26, 34, 2, 10.00, NULL, 'PENDING', NULL, NULL, 0, '2020-03-06 07:31:39', '2020-03-06 07:31:39', NULL),
(28, 21, 25, 20, 28, 20, 36.00, NULL, 'PENDING', NULL, NULL, 0, '2020-03-06 07:36:37', '2020-03-06 07:36:37', NULL);

-- --------------------------------------------------------

--
-- Table structure for table `order_item_deductions`
--

CREATE TABLE `order_item_deductions` (
  `order_item_deduction_id` int(11) NOT NULL,
  `order_id` int(11) NOT NULL,
  `order_item_id` int(11) NOT NULL,
  `stock_id` int(11) NOT NULL,
  `stock_item_id` int(11) NOT NULL,
  `product_id` int(11) NOT NULL,
  `deduction_qty` int(11) NOT NULL,
  `is_deleted` int(1) NOT NULL DEFAULT '0',
  `created_at` timestamp NOT NULL DEFAULT CURRENT_TIMESTAMP,
  `updated_at` timestamp NULL DEFAULT NULL,
  `deleted_at` timestamp NULL DEFAULT NULL
) ENGINE=InnoDB DEFAULT CHARSET=latin1;

--
-- Dumping data for table `order_item_deductions`
--

INSERT INTO `order_item_deductions` (`order_item_deduction_id`, `order_id`, `order_item_id`, `stock_id`, `stock_item_id`, `product_id`, `deduction_qty`, `is_deleted`, `created_at`, `updated_at`, `deleted_at`) VALUES
(22, 3, 5, 25, 19, 2, 2, 1, '2020-02-21 08:30:38', '2020-02-21 08:34:37', NULL),
(23, 3, 5, 25, 19, 2, 2, 1, '2020-02-21 08:50:09', '2020-02-21 08:50:22', NULL),
(24, 3, 5, 25, 19, 2, 2, 0, '2020-02-21 08:57:47', '2020-02-21 08:57:47', NULL),
(25, 7, 9, 25, 20, 28, 5, 1, '2020-02-23 04:41:13', '2020-02-23 04:41:19', NULL),
(26, 11, 16, 25, 20, 28, 2, 1, '2020-02-24 05:17:39', '2020-02-24 05:17:48', NULL),
(27, 11, 16, 25, 20, 28, 2, 1, '2020-02-24 06:02:27', '2020-02-24 06:03:15', NULL),
(28, 12, 17, 24, 18, 30, 1, 1, '2020-02-29 06:03:58', '2020-02-29 06:04:18', NULL),
(29, 12, 17, 24, 18, 30, 1, 1, '2020-02-29 06:04:41', '2020-02-29 06:05:22', NULL),
(30, 19, 24, 25, 20, 28, 1, 1, '2020-02-29 06:07:44', '2020-02-29 06:07:56', NULL),
(31, 19, 24, 25, 20, 28, 1, 0, '2020-02-29 06:10:41', '2020-02-29 06:10:41', NULL),
(32, 20, 25, 25, 20, 28, 3, 1, '2020-03-03 03:25:14', '2020-03-08 10:49:25', NULL),
(33, 12, 27, 28, 26, 34, 2, 1, '2020-03-06 07:39:22', '2020-03-06 07:40:06', NULL);

-- --------------------------------------------------------

--
-- Table structure for table `password_resets`
--

CREATE TABLE `password_resets` (
  `email` varchar(255) COLLATE utf8mb4_unicode_ci NOT NULL,
  `token` varchar(255) COLLATE utf8mb4_unicode_ci NOT NULL,
  `created_at` timestamp NULL DEFAULT NULL
) ENGINE=InnoDB DEFAULT CHARSET=utf8mb4 COLLATE=utf8mb4_unicode_ci;

-- --------------------------------------------------------

--
-- Table structure for table `products`
--

CREATE TABLE `products` (
  `product_id` bigint(20) UNSIGNED NOT NULL,
  `added_by_user_id` int(11) NOT NULL,
  `name` varchar(255) COLLATE utf8mb4_unicode_ci NOT NULL,
  `description` longtext COLLATE utf8mb4_unicode_ci,
  `status` tinyint(4) NOT NULL DEFAULT '1',
  `image` varchar(255) COLLATE utf8mb4_unicode_ci DEFAULT NULL,
  `sort_order` bigint(20) DEFAULT NULL,
  `is_deleted` int(1) NOT NULL DEFAULT '0',
  `created_at` timestamp NULL DEFAULT NULL,
  `updated_at` timestamp NULL DEFAULT NULL,
  `deleted_at` timestamp NULL DEFAULT NULL
) ENGINE=InnoDB DEFAULT CHARSET=utf8mb4 COLLATE=utf8mb4_unicode_ci;

--
-- Dumping data for table `products`
--

INSERT INTO `products` (`product_id`, `added_by_user_id`, `name`, `description`, `status`, `image`, `sort_order`, `is_deleted`, `created_at`, `updated_at`, `deleted_at`) VALUES
(2, 1, 'Prof. Connor Tremblay---', 'Omnis et ipsum voluptatum magni.', 1, NULL, 3, 0, '2019-11-17 08:21:02', '2020-01-24 19:48:29', NULL),
(3, 1, 'Prof. Connor Tremblay', 'Omnis et ipsum voluptatum magni.', 1, NULL, 3, 0, '2019-11-17 08:21:25', '2019-11-17 08:21:25', NULL),
(4, 1, 'Prof. Connor Tremblay', 'Omnis et ipsum voluptatum magni.', 1, NULL, 3, 0, '2019-11-17 08:22:14', '2019-11-17 08:22:14', NULL),
(12, 1, 'Prof. Devon Cormier', 'Quo soluta incidunt libero omnis.', 1, NULL, 8, 0, '2019-11-17 08:47:10', '2019-11-17 08:47:10', NULL),
(13, 1, 'Prof. Devon Cormier', 'Quo soluta incidunt libero omnis.', 1, '18-11-2019__04:51:52 PM__81096.png', 8, 0, '2019-11-17 08:51:06', '2019-11-18 11:21:52', NULL),
(14, 1, 'Dr. Jeffrey Corkery Jr.', 'Et est cumque ad praesentium quisquam ut.', 1, NULL, 5, 0, '2019-11-25 10:48:05', '2019-11-25 10:48:05', NULL),
(15, 1, 'Dr. Jeffrey Corkery Jr.', 'Et est cumque ad praesentium quisquam ut.', 1, NULL, 5, 0, '2019-11-25 10:48:05', '2019-11-25 10:48:05', NULL),
(16, 1, 'Dr. Jeffrey Corkery Jr.', 'Et est cumque ad praesentium quisquam ut.', 1, NULL, 5, 0, '2019-11-25 10:48:05', '2019-11-25 10:48:05', NULL),
(17, 1, 'Dr. Jeffrey Corkery Jr.', 'Et est cumque ad praesentium quisquam ut.', 1, NULL, 5, 0, '2019-11-25 10:48:05', '2019-11-25 10:48:05', NULL),
(18, 1, 'Izabella Schumm', 'A et sapiente suscipit est in est magnam.', 1, NULL, 9, 0, '2019-11-26 10:42:15', '2019-11-26 10:42:15', NULL),
(28, 1, 'Dr. Rosalyn Rath', 'Molestiae aliquid nobis quia voluptatem incidunt modi et voluptates.', 1, NULL, 8, 0, '2019-12-01 03:36:13', '2019-12-01 03:36:13', NULL),
(30, 1, 'ad', NULL, 1, NULL, NULL, 0, '2020-01-27 00:56:10', '2020-01-27 00:56:10', NULL),
(31, 1, 'ad', NULL, 1, NULL, NULL, 0, '2020-01-27 00:56:23', '2020-01-27 00:56:23', NULL),
(32, 2, 're &apos;\\y', NULL, 1, NULL, NULL, 0, '2020-02-01 09:17:50', '2020-02-24 06:03:58', NULL),
(33, 2, 'retailer produc&apos;t 1 &lt;?php exit; ?&gt;', NULL, 1, NULL, NULL, 0, '2020-02-01 09:19:05', '2020-02-01 09:53:53', NULL),
(34, 1, 'Vicks Vipor 2mg', NULL, 1, NULL, NULL, 0, '2020-03-06 07:25:16', '2020-03-06 07:25:31', NULL);

-- --------------------------------------------------------

--
-- Table structure for table `roles`
--

CREATE TABLE `roles` (
  `role_id` bigint(20) UNSIGNED NOT NULL,
  `name` varchar(255) COLLATE utf8mb4_unicode_ci NOT NULL,
  `is_deleted` int(1) NOT NULL DEFAULT '0',
  `created_at` timestamp NULL DEFAULT NULL,
  `updated_at` timestamp NULL DEFAULT NULL
) ENGINE=InnoDB DEFAULT CHARSET=utf8mb4 COLLATE=utf8mb4_unicode_ci;

--
-- Dumping data for table `roles`
--

INSERT INTO `roles` (`role_id`, `name`, `is_deleted`, `created_at`, `updated_at`) VALUES
(1, 'dealer', 0, NULL, NULL),
(2, 'retailer', 0, NULL, NULL),
(3, 'customer', 0, NULL, NULL),
(4, 'Admin', 0, NULL, NULL);

-- --------------------------------------------------------

--
-- Table structure for table `stock`
--

CREATE TABLE `stock` (
  `stock_id` int(11) NOT NULL,
  `added_by_user_id` int(11) NOT NULL,
  `supplier_name` varchar(255) NOT NULL,
  `supplier_invoice_date` varchar(255) DEFAULT NULL,
  `is_closed` tinyint(1) NOT NULL DEFAULT '0',
  `is_deleted` tinyint(1) NOT NULL DEFAULT '0',
  `created_at` timestamp NOT NULL DEFAULT CURRENT_TIMESTAMP,
  `updated_at` timestamp NOT NULL DEFAULT CURRENT_TIMESTAMP,
  `deleted_at` timestamp NULL DEFAULT NULL
) ENGINE=InnoDB DEFAULT CHARSET=latin1;

--
-- Dumping data for table `stock`
--

INSERT INTO `stock` (`stock_id`, `added_by_user_id`, `supplier_name`, `supplier_invoice_date`, `is_closed`, `is_deleted`, `created_at`, `updated_at`, `deleted_at`) VALUES
(24, 1, 'new supplier', '2020-01-29', 0, 1, '2020-01-29 08:15:58', '2020-03-02 04:35:07', '2020-03-02 04:35:07'),
(25, 2, '&lt;?php  echo &quot;dsa&quot;; ?&gt;', '2020-01-31', 0, 0, '2020-01-31 01:37:05', '2020-02-01 09:57:38', NULL),
(27, 1, 'Ranbaxy', '2020-03-03', 0, 0, '2020-03-03 00:31:51', '2020-03-03 00:31:51', NULL),
(28, 1, 'Pharma India', '2020-03-05', 0, 0, '2020-03-06 07:27:07', '2020-03-06 07:27:07', NULL);

-- --------------------------------------------------------

--
-- Table structure for table `stock_items`
--

CREATE TABLE `stock_items` (
  `stock_item_id` int(11) NOT NULL,
  `stock_id` int(11) NOT NULL,
  `product_id` int(11) NOT NULL,
  `barcode` varchar(255) DEFAULT NULL,
  `price_per` float(11,2) NOT NULL DEFAULT '0.00',
  `stock_qty` int(11) NOT NULL,
  `initial_qty` int(11) NOT NULL,
  `is_closed` tinyint(1) NOT NULL DEFAULT '0',
  `is_deleted` tinyint(1) NOT NULL DEFAULT '0',
  `created_at` timestamp NOT NULL DEFAULT CURRENT_TIMESTAMP,
  `updated_at` timestamp NOT NULL DEFAULT CURRENT_TIMESTAMP,
  `deleted_at` timestamp NULL DEFAULT NULL
) ENGINE=InnoDB DEFAULT CHARSET=latin1;

--
-- Dumping data for table `stock_items`
--

INSERT INTO `stock_items` (`stock_item_id`, `stock_id`, `product_id`, `barcode`, `price_per`, `stock_qty`, `initial_qty`, `is_closed`, `is_deleted`, `created_at`, `updated_at`, `deleted_at`) VALUES
(17, 24, 2, '99', 4.00, 50, 65, 0, 1, '2020-01-29 08:15:58', '2020-03-02 04:35:07', '2020-03-02 04:35:07'),
(18, 24, 30, 'null', 40.00, 1, 1, 0, 1, '2020-01-29 08:15:58', '2020-03-02 04:35:07', '2020-03-02 04:35:07'),
(19, 25, 2, 'null', 25.00, 26, 30, 0, 0, '2020-01-31 01:37:05', '2020-02-21 08:57:48', NULL),
(20, 25, 28, '12', 36.00, 118, 120, 0, 0, '2020-02-01 09:59:41', '2020-03-08 10:49:24', NULL),
(23, 27, 18, 'null', 12.00, 12, 12, 0, 0, '2020-03-03 00:31:51', '2020-03-03 00:31:51', NULL),
(24, 27, 17, '11', 113.00, 1, 1, 0, 0, '2020-03-03 00:31:51', '2020-03-03 00:34:57', NULL),
(25, 27, 33, '11', 44.00, 5, 5, 0, 0, '2020-03-03 00:41:51', '2020-03-03 00:41:51', NULL),
(26, 28, 34, 'null', 10.00, 50, 50, 0, 0, '2020-03-06 07:27:08', '2020-03-06 07:40:06', NULL);

-- --------------------------------------------------------

--
-- Table structure for table `users`
--

CREATE TABLE `users` (
  `id` bigint(20) UNSIGNED NOT NULL,
  `username` varchar(50) COLLATE utf8mb4_unicode_ci NOT NULL,
  `name` varchar(255) COLLATE utf8mb4_unicode_ci NOT NULL,
  `email` varchar(255) COLLATE utf8mb4_unicode_ci NOT NULL,
  `email_verified_at` timestamp NULL DEFAULT NULL,
  `password` varchar(255) COLLATE utf8mb4_unicode_ci NOT NULL,
  `remember_token` varchar(100) COLLATE utf8mb4_unicode_ci DEFAULT NULL,
  `role_id` int(11) NOT NULL,
  `is_deleted` int(1) NOT NULL DEFAULT '0',
  `created_at` timestamp NULL DEFAULT NULL,
  `updated_at` timestamp NULL DEFAULT NULL
) ENGINE=InnoDB DEFAULT CHARSET=utf8mb4 COLLATE=utf8mb4_unicode_ci;

--
-- Dumping data for table `users`
--

INSERT INTO `users` (`id`, `username`, `name`, `email`, `email_verified_at`, `password`, `remember_token`, `role_id`, `is_deleted`, `created_at`, `updated_at`) VALUES
(1, 'abc@example', 'pavan1', 'abc@example.com', NULL, '$2y$10$NyMNEcOH2oqRIelN4nwi.e9y670AmxK4gZ8ZYdeyavhHMXYRn2TQm', NULL, 1, 0, '2019-10-26 22:07:28', '2020-03-08 11:28:01'),
(2, 'retailer@example', 'Retailer', 'retailer@example.com', NULL, '$2y$10$xp4f0PV42j0Fa5gUdTjtZe0aq9tGLfOeV/Xp5zalyZBW43/rlFlzu', NULL, 2, 0, NULL, NULL),
(5, 'root', 'pavan', 'rajath2051999@gmail.com', NULL, '$2y$10$6dyqNVZtNCwLAZYgHxUYhucUUOTKi.ixivPvecef515VMBRda.o7e', NULL, 3, 0, '2020-02-13 03:38:45', '2020-02-13 03:38:45'),
(6, 'admin', 'admin', 'admin@example.com', NULL, '$2y$10$xp4f0PV42j0Fa5gUdTjtZe0aq9tGLfOeV/Xp5zalyZBW43/rlFlzu', NULL, 4, 0, NULL, NULL);

-- --------------------------------------------------------

--
-- Table structure for table `users_profile`
--

CREATE TABLE `users_profile` (
  `user_profile_id` int(11) NOT NULL,
  `user_id` int(11) NOT NULL,
  `home_address` text,
  `home_location` varchar(255) DEFAULT NULL,
  `shop_name` varchar(255) NOT NULL,
  `shop_address` varchar(500) NOT NULL,
  `gst_no` varchar(255) NOT NULL,
  `shop_location` varchar(255) NOT NULL,
  `contact_no` varchar(255) NOT NULL,
  `created_at` timestamp NOT NULL DEFAULT CURRENT_TIMESTAMP,
  `updated_at` timestamp NULL DEFAULT NULL,
  `deleted_at` timestamp NULL DEFAULT NULL
) ENGINE=InnoDB DEFAULT CHARSET=latin1;

--
-- Dumping data for table `users_profile`
--

INSERT INTO `users_profile` (`user_profile_id`, `user_id`, `home_address`, `home_location`, `shop_name`, `shop_address`, `gst_no`, `shop_location`, `contact_no`, `created_at`, `updated_at`, `deleted_at`) VALUES
(1, 1, '', '', 'Shop 1', 'vidyanagar hubli', '11', 'Hubli', '', '2020-02-04 07:03:33', '2020-02-15 09:49:15', NULL),
(3, 5, '', '332', '', '', '', '', '', '2020-02-13 03:38:45', '2020-02-13 03:38:45', NULL),
(4, 2, NULL, NULL, 'Retailer 1', '', '', '', '', '2020-02-23 15:45:44', NULL, NULL);

--
-- Indexes for dumped tables
--

--
-- Indexes for table `failed_jobs`
--
ALTER TABLE `failed_jobs`
  ADD PRIMARY KEY (`id`);

--
-- Indexes for table `migrations`
--
ALTER TABLE `migrations`
  ADD PRIMARY KEY (`id`);

--
-- Indexes for table `oauth_access_tokens`
--
ALTER TABLE `oauth_access_tokens`
  ADD PRIMARY KEY (`id`),
  ADD KEY `oauth_access_tokens_user_id_index` (`user_id`);

--
-- Indexes for table `oauth_auth_codes`
--
ALTER TABLE `oauth_auth_codes`
  ADD PRIMARY KEY (`id`);

--
-- Indexes for table `oauth_clients`
--
ALTER TABLE `oauth_clients`
  ADD PRIMARY KEY (`id`),
  ADD KEY `oauth_clients_user_id_index` (`user_id`);

--
-- Indexes for table `oauth_personal_access_clients`
--
ALTER TABLE `oauth_personal_access_clients`
  ADD PRIMARY KEY (`id`),
  ADD KEY `oauth_personal_access_clients_client_id_index` (`client_id`);

--
-- Indexes for table `oauth_refresh_tokens`
--
ALTER TABLE `oauth_refresh_tokens`
  ADD PRIMARY KEY (`id`),
  ADD KEY `oauth_refresh_tokens_access_token_id_index` (`access_token_id`);

--
-- Indexes for table `orders`
--
ALTER TABLE `orders`
  ADD PRIMARY KEY (`order_id`);

--
-- Indexes for table `order_items`
--
ALTER TABLE `order_items`
  ADD PRIMARY KEY (`order_item_id`);

--
-- Indexes for table `order_item_deductions`
--
ALTER TABLE `order_item_deductions`
  ADD PRIMARY KEY (`order_item_deduction_id`);

--
-- Indexes for table `password_resets`
--
ALTER TABLE `password_resets`
  ADD KEY `password_resets_email_index` (`email`);

--
-- Indexes for table `products`
--
ALTER TABLE `products`
  ADD PRIMARY KEY (`product_id`);

--
-- Indexes for table `roles`
--
ALTER TABLE `roles`
  ADD PRIMARY KEY (`role_id`);

--
-- Indexes for table `stock`
--
ALTER TABLE `stock`
  ADD PRIMARY KEY (`stock_id`);

--
-- Indexes for table `stock_items`
--
ALTER TABLE `stock_items`
  ADD PRIMARY KEY (`stock_item_id`);

--
-- Indexes for table `users`
--
ALTER TABLE `users`
  ADD PRIMARY KEY (`id`),
  ADD UNIQUE KEY `users_email_unique` (`email`);

--
-- Indexes for table `users_profile`
--
ALTER TABLE `users_profile`
  ADD PRIMARY KEY (`user_profile_id`);

--
-- AUTO_INCREMENT for dumped tables
--

--
-- AUTO_INCREMENT for table `failed_jobs`
--
ALTER TABLE `failed_jobs`
  MODIFY `id` bigint(20) UNSIGNED NOT NULL AUTO_INCREMENT;

--
-- AUTO_INCREMENT for table `migrations`
--
ALTER TABLE `migrations`
  MODIFY `id` int(10) UNSIGNED NOT NULL AUTO_INCREMENT, AUTO_INCREMENT=35;

--
-- AUTO_INCREMENT for table `oauth_clients`
--
ALTER TABLE `oauth_clients`
  MODIFY `id` int(10) UNSIGNED NOT NULL AUTO_INCREMENT, AUTO_INCREMENT=3;

--
-- AUTO_INCREMENT for table `oauth_personal_access_clients`
--
ALTER TABLE `oauth_personal_access_clients`
  MODIFY `id` int(10) UNSIGNED NOT NULL AUTO_INCREMENT, AUTO_INCREMENT=2;

--
-- AUTO_INCREMENT for table `orders`
--
ALTER TABLE `orders`
  MODIFY `order_id` int(11) NOT NULL AUTO_INCREMENT, AUTO_INCREMENT=22;

--
-- AUTO_INCREMENT for table `order_items`
--
ALTER TABLE `order_items`
  MODIFY `order_item_id` int(11) NOT NULL AUTO_INCREMENT, AUTO_INCREMENT=29;

--
-- AUTO_INCREMENT for table `order_item_deductions`
--
ALTER TABLE `order_item_deductions`
  MODIFY `order_item_deduction_id` int(11) NOT NULL AUTO_INCREMENT, AUTO_INCREMENT=34;

--
-- AUTO_INCREMENT for table `products`
--
ALTER TABLE `products`
  MODIFY `product_id` bigint(20) UNSIGNED NOT NULL AUTO_INCREMENT, AUTO_INCREMENT=35;

--
-- AUTO_INCREMENT for table `roles`
--
ALTER TABLE `roles`
  MODIFY `role_id` bigint(20) UNSIGNED NOT NULL AUTO_INCREMENT, AUTO_INCREMENT=5;

--
-- AUTO_INCREMENT for table `stock`
--
ALTER TABLE `stock`
  MODIFY `stock_id` int(11) NOT NULL AUTO_INCREMENT, AUTO_INCREMENT=29;

--
-- AUTO_INCREMENT for table `stock_items`
--
ALTER TABLE `stock_items`
  MODIFY `stock_item_id` int(11) NOT NULL AUTO_INCREMENT, AUTO_INCREMENT=27;

--
-- AUTO_INCREMENT for table `users`
--
ALTER TABLE `users`
  MODIFY `id` bigint(20) UNSIGNED NOT NULL AUTO_INCREMENT, AUTO_INCREMENT=7;

--
-- AUTO_INCREMENT for table `users_profile`
--
ALTER TABLE `users_profile`
  MODIFY `user_profile_id` int(11) NOT NULL AUTO_INCREMENT, AUTO_INCREMENT=5;
COMMIT;

/*!40101 SET CHARACTER_SET_CLIENT=@OLD_CHARACTER_SET_CLIENT */;
/*!40101 SET CHARACTER_SET_RESULTS=@OLD_CHARACTER_SET_RESULTS */;
/*!40101 SET COLLATION_CONNECTION=@OLD_COLLATION_CONNECTION */;
